NDVI,NDRE,GNDVI,Serapan_K
0.5395,0.4148,0.4871,29.88
0.588,0.5173,0.5486,36.38
0.9439,0.7074,0.8972,50.14
0.41,0.3626,0.4069,23.76
0.8682,0.7617,0.7652,51.0
0.3407,0.4742,0.3091,29.5
0.1,0.1,0.1,8.36
0.4308,0.394,0.4004,26.84
0.3461,0.2982,0.3348,21.09
0.3171,0.1895,0.2611,25.71
0.8384,0.6991,0.7945,42.63
0.6149,0.5793,0.5706,34.33
0.4495,0.4803,0.3506,34.66
0.4771,0.3705,0.4697,26.25
0.6979,0.6318,0.6566,33.36
0.6989,0.6163,0.6434,40.49
0.4079,0.3132,0.3202,21.02
0.8341,0.686,0.6989,47.32
0.4445,0.3153,0.4302,24.2
0.95,0.95,0.8927,60.0
0.407,0.3056,0.3669,28.11
0.8198,0.6673,0.6703,45.6
0.3619,0.3205,0.3624,21.63
0.8088,0.5162,0.6353,34.9
0.9425,0.7577,0.7199,46.67
0.2272,0.3582,0.1202,25.37
0.9387,0.7515,0.7429,52.73
0.8403,0.6716,0.7994,39.52
0.436,0.4052,0.4024,32.85
0.333,0.379,0.3834,29.86
0.3568,0.2033,0.3357,20.44
0.8488,0.556,0.7496,46.41
0.5708,0.5041,0.5472,36.48
0.6258,0.524,0.5501,31.96
0.8193,0.6831,0.7837,40.99
0.7141,0.5938,0.6866,46.72
0.298,0.294,0.3009,25.4
0.3747,0.3724,0.3272,23.0
0.2157,0.1732,0.1766,16.43
0.6139,0.4645,0.4829,39.1
0.7302,0.6264,0.7003,44.63
0.9382,0.7017,0.7272,42.65
0.95,0.8648,0.95,60.0
0.6209,0.5239,0.6077,33.54
0.3032,0.1922,0.2971,19.74
0.3914,0.2236,0.3392,27.09
0.5512,0.5209,0.5151,38.26
0.5786,0.5742,0.5477,33.97
0.2244,0.212,0.179,19.79
0.523,0.4583,0.5261,35.46
0.2619,0.2762,0.1414,23.98
0.9031,0.7703,0.8379,47.87
0.4432,0.3358,0.3315,24.73
0.1928,0.1693,0.1681,16.32
0.5926,0.5085,0.5827,32.71
0.3859,0.283,0.3438,20.5
0.3116,0.2631,0.2974,18.2
0.9196,0.6323,0.6937,45.89
0.4017,0.2296,0.3561,19.72
0.4896,0.5125,0.4215,37.05
0.3024,0.2802,0.2541,23.6
0.8354,0.6686,0.7483,50.92
0.8853,0.6632,0.785,50.88
0.927,0.757,0.8738,57.94
0.95,0.7824,0.8675,53.37
0.4502,0.3231,0.4031,23.87
0.731,0.6017,0.69,37.06
0.7781,0.523,0.7367,41.39
0.1638,0.1,0.1409,12.78
0.6795,0.5764,0.6465,41.59
0.5703,0.4846,0.3984,29.26
0.4467,0.4153,0.4279,29.67
0.7484,0.7647,0.6718,45.26
0.4098,0.2776,0.2652,21.01
0.587,0.4848,0.5148,31.56
0.8534,0.7508,0.801,43.73
0.8206,0.7422,0.6733,46.32
0.5693,0.5735,0.5707,41.43
0.6658,0.5893,0.6266,33.72
0.2758,0.2752,0.2249,25.26
0.4259,0.2934,0.4867,23.89
0.2007,0.2245,0.1602,16.22
0.5797,0.4591,0.5317,36.17
0.7551,0.5711,0.6647,40.7
0.71,0.6142,0.6064,37.64
0.6458,0.5408,0.6314,35.09
0.7996,0.6115,0.6483,41.43
0.5937,0.5029,0.5914,34.86
0.8958,0.6896,0.802,46.38
0.5851,0.5978,0.4413,38.38
0.543,0.4936,0.4441,37.1
0.4701,0.2588,0.6152,33.05
0.8027,0.6082,0.649,39.92
0.4686,0.455,0.4818,33.8
0.4386,0.4553,0.5123,33.97
0.5272,0.5662,0.509,31.99
0.4963,0.3857,0.4416,20.89
0.1995,0.1,0.3413,19.69
0.95,0.8409,0.9264,56.81
0.6909,0.6372,0.6611,42.22
0.315,0.3543,0.2488,27.81
0.7472,0.6551,0.6879,43.95
0.6973,0.5722,0.6939,30.83
0.503,0.448,0.4472,25.15
0.1654,0.1509,0.1801,16.21
0.6482,0.5333,0.6188,38.98
0.2766,0.1844,0.2616,17.65
0.8725,0.679,0.8392,43.17
0.8921,0.7738,0.874,52.6
0.95,0.7777,0.9029,55.29
0.5611,0.6212,0.4965,36.49
0.3536,0.3063,0.3238,22.16
0.1296,0.1,0.1538,14.18
0.1977,0.1567,0.1943,18.41
0.7178,0.6265,0.576,37.06
0.324,0.3438,0.2277,25.96
0.537,0.5535,0.532,33.25
0.6334,0.6712,0.6462,38.98
0.4938,0.3958,0.3883,27.89
0.5451,0.4875,0.54,30.96
0.8313,0.6568,0.7968,42.99
0.8508,0.6615,0.8634,50.06
0.4406,0.3109,0.3791,23.29
0.2205,0.1994,0.2017,17.44
0.5742,0.497,0.5499,38.04
0.793,0.6676,0.7541,39.02
0.4816,0.3656,0.3938,26.53
0.2131,0.3652,0.2012,23.53
0.4129,0.345,0.339,30.93
0.588,0.5351,0.5977,39.34
0.3881,0.4293,0.3862,33.31
0.529,0.4613,0.4381,37.08
0.3212,0.302,0.2983,26.98
0.4876,0.3287,0.4289,32.24
0.3789,0.2713,0.3495,29.12
0.3451,0.2343,0.2342,19.8
0.5391,0.4433,0.5025,33.06
0.902,0.8904,0.7361,51.37
0.594,0.6527,0.5454,41.68
0.7644,0.6413,0.8146,48.76
0.3718,0.2563,0.3831,26.26
0.6532,0.6343,0.6671,36.0
0.7956,0.785,0.7227,43.79
0.3807,0.3022,0.3257,28.78
0.95,0.8014,0.7826,54.96
0.3129,0.2715,0.2374,24.7
0.3939,0.3255,0.3803,22.03
0.9181,0.7542,0.787,46.34
0.4698,0.3235,0.4836,24.45
0.5429,0.3709,0.4745,24.7
0.479,0.4404,0.4555,34.45
0.6483,0.5956,0.6303,42.51
0.7159,0.6338,0.5925,35.34
0.8128,0.6294,0.8106,42.33
0.5747,0.4789,0.555,29.28
0.2434,0.1851,0.2513,21.82
0.8201,0.6916,0.8063,44.3
0.3089,0.2697,0.3144,24.83
0.3906,0.2369,0.2692,19.29
0.6506,0.5771,0.6764,42.33
0.3951,0.3629,0.3838,28.41
0.6255,0.3969,0.665,31.64
0.5459,0.4964,0.4976,30.27
0.5122,0.3955,0.4973,34.03
0.8257,0.6959,0.7083,49.1
0.3343,0.2758,0.29,28.14
0.2189,0.2681,0.2954,23.36
0.49,0.4006,0.4795,26.38
0.95,0.8804,0.95,53.98
0.2596,0.2558,0.2285,18.77
0.7116,0.6837,0.6678,35.35
0.5598,0.4928,0.5484,34.02
0.301,0.2053,0.3035,26.29
0.879,0.8507,0.6642,39.21
0.5139,0.5041,0.5042,24.72
0.1878,0.1372,0.2745,22.8
0.6993,0.4887,0.5708,36.36
0.6861,0.4473,0.4619,30.05
0.4557,0.3679,0.3554,32.55
0.95,0.7663,0.8898,50.7
0.7322,0.6305,0.7745,43.04
0.4834,0.6209,0.4293,37.38
0.3929,0.3381,0.3007,22.96
0.5929,0.53,0.4897,38.45
0.8473,0.7277,0.7961,44.81
0.7788,0.6512,0.7424,44.71
0.4322,0.3719,0.4448,24.19
0.9173,0.7528,0.8601,47.52
0.6786,0.5343,0.5489,37.65
0.4197,0.4334,0.3591,24.12
0.8681,0.7647,0.81,47.86
0.8187,0.6921,0.7719,41.26
0.4328,0.3557,0.3621,23.1
0.791,0.658,0.7453,37.17
0.4258,0.3869,0.407,29.81
0.7934,0.7629,0.7289,49.01
0.2837,0.2675,0.2872,18.77
0.95,0.7652,0.7245,51.96
0.6432,0.5797,0.6343,35.62
0.2101,0.1797,0.2061,16.79
0.95,0.8374,0.95,52.97
0.1769,0.1483,0.2114,14.83
0.95,0.6457,0.8222,45.3
0.5009,0.4846,0.4736,35.33
0.4625,0.3774,0.4441,26.48
0.631,0.6395,0.554,38.61
0.3745,0.303,0.3624,23.32
0.6805,0.6416,0.6654,40.79
0.8013,0.7297,0.5942,42.86
0.7527,0.7174,0.6614,44.18
0.5597,0.4882,0.5484,30.98
0.6444,0.531,0.521,31.79
0.7401,0.6532,0.6614,43.93
0.2763,0.1081,0.2953,20.67
0.7632,0.6214,0.755,42.37
0.8337,0.5776,0.6547,38.97
0.8261,0.7201,0.637,47.33
0.5565,0.5388,0.4944,36.25
0.3238,0.3433,0.2121,28.6
0.35,0.2725,0.3344,21.36
0.6886,0.5464,0.668,45.18
0.8646,0.5776,0.6832,41.89
0.3101,0.262,0.2728,21.38
0.535,0.4824,0.4706,30.88
0.1145,0.1,0.1,12.08
0.4349,0.3389,0.3932,23.62
0.7142,0.5568,0.6514,36.03
0.1247,0.1,0.1,13.35
0.8075,0.5874,0.6566,33.87
0.1716,0.137,0.1588,15.17
0.95,0.95,0.9352,60.0
0.1922,0.1438,0.183,14.6
0.5666,0.5196,0.5179,38.34
0.5463,0.3842,0.4889,26.75
0.5766,0.4412,0.5926,38.64
0.95,0.7849,0.9162,57.12
0.4377,0.3565,0.4048,23.11
0.6961,0.6424,0.6991,34.03
0.5307,0.4609,0.5148,29.05
0.8333,0.6791,0.8142,41.33
0.2722,0.2241,0.2749,18.52
0.87,0.7049,0.8478,49.54
0.8512,0.7468,0.7682,50.7
0.8933,0.696,0.868,48.29
0.2223,0.3073,0.2042,22.9
0.2827,0.2854,0.2684,19.57
0.6924,0.6791,0.594,35.42
0.7301,0.6212,0.7601,48.86
0.355,0.2139,0.3557,27.29
0.2518,0.2199,0.2319,18.69
0.79,0.5806,0.7361,45.64
0.7725,0.6749,0.7052,46.75
0.6305,0.616,0.4898,40.53
0.627,0.5338,0.5876,34.72
0.589,0.4057,0.3432,24.88
0.6518,0.5232,0.5466,34.44
0.5862,0.497,0.5563,37.18
0.9254,0.95,0.8065,53.66
0.6097,0.533,0.571,37.56
0.6559,0.5427,0.5811,32.21
0.3022,0.2106,0.221,17.61
0.2808,0.1882,0.2164,16.32
0.1,0.1,0.1,9.66
0.95,0.7048,0.7701,47.54
0.4981,0.3463,0.44,26.16
0.3174,0.3021,0.2914,21.2
0.4683,0.3296,0.463,26.51
0.95,0.8034,0.8307,51.79
0.371,0.2896,0.3404,22.08
0.298,0.2526,0.2972,18.32
0.7467,0.6356,0.6018,43.8
0.4633,0.3751,0.4531,25.62
0.6363,0.4868,0.6891,36.09
0.6494,0.5783,0.608,40.04
0.6725,0.5149,0.5271,33.31
0.6654,0.652,0.4979,39.83
0.747,0.6535,0.6149,35.11
0.551,0.4498,0.5445,34.44
0.4831,0.3903,0.4682,28.59
0.6584,0.6461,0.6389,43.5
0.5049,0.4378,0.4488,28.19
0.4441,0.303,0.3695,32.99
0.7984,0.7223,0.6635,40.08
0.9062,0.8177,0.7248,50.17
0.8744,0.61,0.7633,47.99
0.6462,0.6305,0.531,36.9
0.2097,0.1801,0.2019,16.55
0.287,0.3015,0.1889,24.71
0.6451,0.6996,0.5914,37.97
0.7016,0.4997,0.6027,40.23
0.9316,0.8154,0.8865,54.69
0.8694,0.7513,0.8375,44.11
0.6273,0.535,0.6028,38.5
0.3594,0.4676,0.3197,30.16
0.5629,0.4631,0.4236,31.57
0.4074,0.2616,0.3704,28.09
0.5328,0.4283,0.4907,28.49
0.7541,0.5838,0.6785,43.1
0.4589,0.4215,0.4548,32.33
0.4029,0.3573,0.4132,23.6
0.764,0.7388,0.6534,48.19
0.4586,0.3795,0.4298,24.19
0.95,0.8373,0.8762,55.06
0.8249,0.6982,0.8209,52.41
0.5583,0.452,0.5089,34.88
0.9192,0.8102,0.935,54.64
0.7202,0.5472,0.704,31.83
0.8534,0.7248,0.8849,52.96
0.2982,0.3453,0.2849,27.55
0.422,0.3061,0.2722,19.35
0.95,0.7928,0.9145,53.22
0.4426,0.3555,0.4617,23.4
0.6035,0.4941,0.3993,27.33
0.2208,0.1133,0.2128,13.32
0.4885,0.4291,0.4149,33.8
0.1758,0.2633,0.2368,21.78
0.4816,0.3992,0.4911,34.26
0.7274,0.5932,0.6541,47.93
0.635,0.5036,0.506,33.44
0.7272,0.6302,0.6696,43.17
0.6931,0.5601,0.668,35.55
0.5834,0.4416,0.5858,31.41
0.7153,0.5698,0.6915,44.7
0.802,0.7241,0.7515,48.28
0.8882,0.7979,0.8641,46.91
0.5162,0.4566,0.5039,28.76
0.95,0.7809,0.913,52.81
0.8008,0.7036,0.7557,47.73
0.7649,0.6973,0.7468,39.45
0.7316,0.5405,0.7135,42.42
0.3561,0.2722,0.328,25.47
0.5151,0.3657,0.4241,27.81
0.4274,0.3499,0.3969,23.73
0.1741,0.1141,0.166,14.16
0.95,0.842,0.845,54.77
0.4157,0.1209,0.3488,20.2
0.307,0.1776,0.256,16.86
0.5029,0.4571,0.4662,34.22
0.7069,0.5764,0.6755,36.85
0.9015,0.6652,0.8533,50.76
0.7663,0.6342,0.682,34.95
0.7367,0.6204,0.7667,39.59
0.8444,0.5472,0.6853,46.62
0.95,0.7505,0.8081,53.21
0.7654,0.6814,0.826,43.54
0.4174,0.5018,0.3561,34.11
0.5616,0.4967,0.5604,35.84
0.4093,0.445,0.3516,32.78
0.5713,0.6425,0.4702,38.53
0.6568,0.4552,0.5152,30.29
0.4193,0.3508,0.3499,22.95
0.5435,0.5358,0.555,28.88
0.8502,0.6423,0.7903,46.52
0.2369,0.2019,0.189,18.12
0.9345,0.8199,0.8683,49.47
0.7782,0.7343,0.56,46.49
0.4267,0.3858,0.4336,25.88
0.9045,0.6769,0.804,51.17
0.8839,0.7114,0.7549,49.97
0.5617,0.4622,0.5832,37.22
0.6992,0.6301,0.6483,36.98
0.7757,0.6222,0.6196,34.85
0.1193,0.2208,0.1578,19.33
0.4193,0.3822,0.373,32.55
0.8455,0.7033,0.8067,42.92
0.9132,0.7596,0.8566,46.16
0.4986,0.3954,0.5033,35.2
0.705,0.5787,0.6775,42.16
0.5636,0.4232,0.5534,33.07
0.5821,0.5606,0.5485,39.15
0.3717,0.3814,0.377,31.26
0.4838,0.4239,0.4242,32.96
0.4631,0.3923,0.392,35.24
0.5408,0.3774,0.5178,32.53
0.95,0.9108,0.95,60.0
0.9305,0.7836,0.881,45.74
0.5748,0.5039,0.5552,37.28
0.1,0.1149,0.1,13.22
0.6463,0.4975,0.6803,40.96
0.3138,0.2244,0.2739,18.04
0.7228,0.6322,0.6517,44.27
0.9428,0.8012,0.8806,42.79
0.95,0.8569,0.7605,57.1
0.4851,0.308,0.4505,25.01
0.5477,0.4541,0.5343,35.13
0.8266,0.7256,0.7775,49.63
0.462,0.246,0.3284,30.66
0.8014,0.7149,0.7432,51.71
0.524,0.3951,0.3629,34.87
0.4253,0.3345,0.296,32.36
0.8035,0.6023,0.7384,46.77
0.2305,0.1463,0.2301,15.66
0.8112,0.5627,0.638,35.64
0.3669,0.3354,0.3571,29.65
0.7296,0.624,0.5618,43.7
0.3592,0.2582,0.3096,20.09
0.6811,0.5834,0.7234,42.7
0.95,0.933,0.95,55.04
0.4145,0.3598,0.4145,31.13
0.2235,0.1543,0.1918,16.51
0.4843,0.3593,0.4684,31.0
0.7012,0.5811,0.5618,32.81
0.6536,0.4894,0.566,34.77
0.5692,0.4667,0.5081,36.64
0.95,0.8113,0.9277,51.29
0.7589,0.5017,0.6193,34.56
0.4035,0.3438,0.3797,24.17
0.6598,0.5889,0.6434,36.62
0.246,0.195,0.1391,14.4
0.5297,0.4207,0.5099,35.21
0.517,0.5349,0.4857,34.14
0.6059,0.51,0.5588,36.64
0.5384,0.2183,0.5605,23.41
0.4586,0.3703,0.3667,33.33
0.358,0.3172,0.3274,27.13
0.9493,0.7508,0.8256,54.87
0.3111,0.2876,0.3193,20.38
0.2523,0.2865,0.2011,24.87
0.7436,0.6342,0.7251,39.51
0.4324,0.4976,0.3425,33.67
0.7223,0.6328,0.6874,38.39
0.4729,0.3779,0.4595,31.65
0.1787,0.2028,0.1728,16.61
0.3444,0.2415,0.2761,16.58
0.7708,0.646,0.6733,45.63
0.608,0.5207,0.6043,39.1
0.7825,0.6448,0.623,44.67
0.5616,0.4693,0.605,34.08
0.2756,0.5224,0.2896,28.09
0.6559,0.5995,0.5999,39.93
0.4126,0.3316,0.4205,28.54
0.5415,0.4393,0.5128,35.41
0.234,0.234,0.2018,18.21
0.7236,0.5589,0.6831,35.68
0.3426,0.3906,0.2544,22.98
0.5724,0.4779,0.5271,35.84
0.5925,0.5272,0.5688,39.25
0.2936,0.2424,0.2783,21.63
0.608,0.4878,0.5176,30.63
0.4673,0.3546,0.4418,28.04
0.4475,0.3805,0.4118,31.13
0.9014,0.7376,0.7554,49.93
0.6741,0.5745,0.6606,36.48
0.95,0.7228,0.8272,51.59
0.6042,0.5138,0.5535,36.7
0.8873,0.6934,0.7995,37.94
0.505,0.4568,0.4921,28.92
0.1985,0.2213,0.185,16.89
0.3002,0.4756,0.2954,30.21
0.6162,0.5026,0.5581,36.81
0.4455,0.3026,0.2726,20.13
0.7115,0.5614,0.7325,42.42
0.1926,0.2645,0.2497,24.39
0.6606,0.5858,0.519,40.97
0.5867,0.4754,0.5165,29.7
0.7432,0.6349,0.7394,45.65
0.3145,0.2353,0.3147,18.49
0.1,0.1,0.1,8.17
0.7686,0.6956,0.8293,48.16
0.6299,0.5212,0.6096,39.12
0.3392,0.2478,0.3409,20.51
0.7649,0.6383,0.7751,49.0
0.9251,0.8349,0.8012,56.83
0.3628,0.3159,0.2403,19.39
0.95,0.8947,0.95,54.15
0.6738,0.6152,0.6575,42.89
0.1725,0.1251,0.1661,14.46
0.95,0.6717,0.8146,50.52
0.5841,0.5405,0.523,37.56
0.8119,0.6437,0.7614,40.71
0.4161,0.4179,0.4561,30.98
0.7851,0.7086,0.7606,48.56
0.343,0.3794,0.3053,28.46
0.1674,0.1846,0.1485,16.89
0.4502,0.3239,0.3787,23.88
0.587,0.5331,0.5592,32.79
0.95,0.9451,0.95,60.0
0.7742,0.6181,0.7442,44.88
0.2901,0.4579,0.2456,27.8
0.9059,0.7034,0.7577,49.5
0.843,0.6086,0.8128,37.56
0.95,0.8004,0.9282,51.61
0.6379,0.6158,0.624,33.77
0.6203,0.5622,0.5741,36.04
0.7526,0.6349,0.6198,47.1
0.3099,0.2941,0.2317,25.73
0.7663,0.6607,0.7133,41.84
0.383,0.2955,0.2062,20.16
0.3738,0.2982,0.3833,20.05
0.7322,0.5725,0.6663,45.27
0.4373,0.3688,0.4032,24.93
0.6659,0.5364,0.6602,40.96
0.7633,0.6916,0.7672,50.8
0.2651,0.2202,0.1777,23.88
0.5972,0.5021,0.6019,37.52
0.2344,0.3551,0.2218,24.73
0.835,0.6555,0.7757,45.53
0.5494,0.4844,0.4394,35.34
0.4299,0.3481,0.3778,24.47
0.6636,0.5746,0.6624,41.62
0.534,0.34,0.4722,26.18
0.7182,0.6674,0.6057,36.82
0.475,0.4207,0.4423,33.57
0.6731,0.6136,0.6674,42.61
0.3257,0.2692,0.3593,19.62
0.6139,0.5283,0.5729,29.79
0.2043,0.2134,0.2852,22.78
0.4435,0.4119,0.3833,24.33
0.7823,0.6231,0.7267,40.54
0.5139,0.3862,0.4957,33.36
0.5347,0.4822,0.5177,30.49
0.3175,0.2686,0.2144,17.39
0.6788,0.6864,0.4501,39.83
0.5709,0.3687,0.4895,38.81
0.7072,0.5605,0.619,44.22
0.9098,0.7268,0.8934,52.48
0.4484,0.4054,0.3871,30.0
0.4823,0.4722,0.5287,25.03
0.4401,0.3117,0.3833,23.77
0.4052,0.2838,0.4052,23.54
0.3976,0.2551,0.3233,21.72
0.9433,0.8528,0.9321,50.86
0.5309,0.5158,0.5001,36.88
0.6905,0.6229,0.6178,41.67
0.3305,0.2622,0.3079,18.32
0.6756,0.5742,0.4955,42.57
0.9067,0.7458,0.8278,52.8
0.1567,0.1516,0.1418,14.17
0.95,0.7616,0.8556,55.44
0.4068,0.3428,0.3062,29.56
0.6156,0.4216,0.6559,39.98
0.5449,0.4784,0.5479,29.49
0.5082,0.4357,0.4867,35.01
0.9195,0.7401,0.8036,52.25
0.1225,0.1,0.1245,15.23
0.22,0.1,0.3071,20.75
0.7709,0.6726,0.719,44.19
0.511,0.455,0.4975,36.59
0.4374,0.3724,0.413,27.09
0.1,0.1379,0.1856,16.79
0.5299,0.4395,0.3965,25.31
0.3847,0.2939,0.3318,27.25
0.1581,0.1266,0.2359,16.56
0.2613,0.2227,0.2295,22.1
0.3082,0.3097,0.2655,27.87
0.4525,0.4046,0.4581,32.32
0.6892,0.6168,0.6542,41.1
0.2176,0.1736,0.2127,13.82
0.3872,0.2378,0.3853,17.72
0.3068,0.2446,0.2921,26.34
0.4679,0.397,0.4426,28.18
0.6015,0.4606,0.5325,27.31
0.8689,0.7193,0.8093,37.49
0.8567,0.7082,0.8093,48.16
0.733,0.5857,0.6627,38.18
0.6239,0.5795,0.5993,37.23
0.3061,0.222,0.1699,24.41
0.3313,0.2652,0.278,22.34
0.4409,0.343,0.3705,24.06
0.5529,0.4232,0.5155,34.47
0.4615,0.331,0.4411,28.59
0.6693,0.5955,0.6484,36.44
0.7025,0.5465,0.6598,38.35
0.5165,0.5958,0.3766,32.05
0.8678,0.6474,0.95,52.68
0.3277,0.2597,0.314,20.65
0.398,0.2451,0.4676,28.78
0.4992,0.3683,0.4284,33.65
0.95,0.7918,0.788,53.54
0.7411,0.6484,0.6867,36.08
0.5861,0.5135,0.5378,35.86
0.5657,0.5516,0.4936,38.91
0.5692,0.5705,0.42,36.6
0.6199,0.5339,0.6039,35.98
0.921,0.6758,0.7656,49.03
0.6963,0.5909,0.5865,36.99
0.5288,0.4402,0.4238,25.04
0.1143,0.1165,0.1057,14.24
0.3722,0.2875,0.3111,22.21
0.5034,0.4171,0.452,27.21
0.583,0.4679,0.5963,30.79
0.9227,0.8041,0.8428,49.22
0.3176,0.2533,0.3091,19.51
0.6388,0.4602,0.6242,34.78
0.6877,0.6229,0.6104,33.75
0.2588,0.4451,0.2822,27.93
0.7949,0.7072,0.8313,46.99
0.4151,0.3481,0.4027,22.57
0.2758,0.2111,0.2505,18.25
0.2921,0.3013,0.2617,26.97
0.1183,0.13,0.1276,14.28
0.4227,0.3522,0.413,32.02
0.8088,0.6662,0.6308,38.98
0.75,0.6123,0.7174,43.65
0.4143,0.4341,0.3455,30.61
0.6896,0.5449,0.6846,42.94
0.5236,0.4089,0.4647,35.05
0.5045,0.4157,0.5396,28.86
0.5698,0.4517,0.5318,28.07
0.6313,0.4989,0.5142,30.07
0.504,0.5036,0.4801,34.47
0.6541,0.5017,0.5575,32.4
0.926,0.708,0.8614,38.9
0.2296,0.1823,0.204,15.79
0.7616,0.6906,0.7782,45.77
0.41,0.3564,0.4075,29.59
0.95,0.9334,0.95,53.09
0.8224,0.7905,0.7445,45.32
0.95,0.8224,0.8811,57.24
0.6807,0.6733,0.6542,38.23
0.8917,0.7353,0.7742,49.3
0.1478,0.1433,0.1,17.39
0.5605,0.4798,0.5575,36.38
0.4419,0.3754,0.3998,23.83
0.247,0.36,0.2057,26.63
0.7808,0.5999,0.7838,41.3
0.4472,0.357,0.4199,31.02
0.2737,0.3321,0.1836,23.9
0.5889,0.4772,0.562,32.41
0.4732,0.4457,0.4431,26.44
0.7067,0.6012,0.7156,42.94
0.4997,0.4495,0.5232,29.12
0.1947,0.17,0.1937,15.48
0.95,0.95,0.9065,60.0
0.5845,0.505,0.5607,30.15
0.753,0.6792,0.7296,39.49
0.4393,0.3612,0.3849,24.62
0.7562,0.6397,0.7674,37.96
0.7725,0.654,0.7325,45.37
0.2468,0.1936,0.1714,15.61
0.6148,0.4646,0.5991,39.47
0.6491,0.5763,0.6512,32.83
0.649,0.4724,0.5174,40.71
0.4198,0.3982,0.4109,24.89
0.7758,0.6782,0.7232,34.57
0.6883,0.5765,0.681,37.21
0.5352,0.4788,0.5019,36.33
0.8094,0.6788,0.7233,38.36
0.1178,0.2166,0.3131,21.18
0.4924,0.4449,0.4804,32.55
0.6446,0.5514,0.6179,34.3
0.6688,0.5152,0.6385,35.52
0.5968,0.41,0.5267,35.89
0.7518,0.6176,0.807,47.72
0.7434,0.7116,0.7706,46.7
0.2422,0.1726,0.25,13.82
0.5522,0.5021,0.5584,30.86
0.7185,0.6849,0.6932,46.14
0.9475,0.8087,0.9139,50.15
0.6392,0.49,0.6468,34.69
0.2951,0.246,0.427,24.57
0.8589,0.7154,0.8628,54.04
0.4153,0.3337,0.2716,29.83
0.95,0.6463,0.8431,51.24
0.3949,0.3158,0.3942,22.85
0.594,0.4138,0.532,29.35
0.406,0.3,0.3372,22.71
0.4319,0.3586,0.3905,29.25
0.3149,0.2714,0.3016,19.55
0.736,0.65,0.6938,46.97
0.95,0.6534,0.879,41.8
0.4738,0.4165,0.4592,26.1
0.5723,0.3707,0.5767,27.0
0.7027,0.6381,0.7246,35.94
0.1875,0.1078,0.1616,12.09
0.7802,0.5568,0.6739,35.66
0.95,0.73,0.8619,55.74
0.4549,0.3884,0.3922,24.52
0.6308,0.546,0.5848,39.63
0.7909,0.697,0.7522,36.93
0.8075,0.6589,0.6058,50.94
0.467,0.4485,0.395,25.76
0.775,0.6488,0.7757,49.66
0.3336,0.2641,0.3087,18.93
0.9492,0.5624,0.8182,48.78
0.3858,0.3797,0.3675,27.61
0.9186,0.7649,0.8437,45.22
0.3756,0.3643,0.379,24.52
0.6755,0.6078,0.6218,40.72
0.7709,0.6556,0.692,50.93
0.4938,0.3886,0.4097,26.26
0.5447,0.4454,0.5016,34.85
0.3754,0.2849,0.401,26.69
0.485,0.3672,0.4258,24.13
0.5071,0.4217,0.4656,33.71
0.5266,0.532,0.4122,31.33
0.7996,0.6314,0.7457,49.71
0.3644,0.2937,0.2986,20.82
0.95,0.9485,0.8827,60.0
0.3049,0.2212,0.1972,24.93
0.2496,0.3831,0.2163,26.86
0.95,0.9384,0.95,51.12
0.6275,0.3999,0.567,32.31
0.7019,0.6035,0.6865,43.5
0.571,0.4465,0.5066,30.0
0.9101,0.834,0.6996,42.62
0.7725,0.6513,0.734,38.06
0.5846,0.4822,0.5581,31.75
0.9197,0.6572,0.7942,49.7
0.7161,0.5927,0.6882,39.98
0.3233,0.4749,0.3402,30.22
0.3995,0.3768,0.3591,31.25
0.9337,0.7327,0.7779,52.84
0.5887,0.555,0.444,31.69
0.5819,0.5041,0.5397,36.92
0.5516,0.3862,0.4693,27.72
0.7875,0.4914,0.6268,41.93
0.3983,0.3048,0.3908,26.86
0.4594,0.4359,0.352,35.95
0.102,0.1,0.1,11.79
0.5799,0.469,0.5435,36.68
0.8664,0.6627,0.6979,42.91
0.5158,0.4052,0.4873,32.74
0.5615,0.5108,0.512,35.84
0.7279,0.5667,0.683,40.09
0.6206,0.5764,0.5971,37.3
0.7999,0.6978,0.7599,41.76
0.3386,0.2368,0.2921,20.23
0.899,0.773,0.8141,52.11
0.8123,0.6345,0.7344,44.56
0.4304,0.3615,0.385,25.76
0.8823,0.6935,0.9392,49.87
0.2863,0.2006,0.2191,17.34
0.7605,0.633,0.7113,38.23
0.95,0.8501,0.8295,56.2
0.874,0.8008,0.7444,43.26
0.95,0.8628,0.8337,49.61
0.6989,0.6179,0.6415,42.18
0.1617,0.1387,0.1891,14.12
0.1778,0.1,0.1,9.62
0.7381,0.6538,0.5846,45.26
0.7894,0.6827,0.7334,41.62
0.2136,0.2036,0.1942,14.67
0.8299,0.681,0.7955,41.62
0.4298,0.3857,0.3744,26.98
0.782,0.6601,0.7309,45.26
0.8805,0.7433,0.916,54.3
0.95,0.9017,0.95,50.97
0.4245,0.359,0.4248,26.11
0.663,0.5631,0.6379,32.84
0.5698,0.5179,0.5656,31.72
0.4778,0.3086,0.4476,35.19
0.9202,0.6876,0.8071,39.02
0.2621,0.2561,0.2474,17.58
0.648,0.5709,0.5588,34.51
0.2497,0.2401,0.2338,22.74
0.1,0.129,0.1705,16.94
0.3773,0.2931,0.3735,22.29
0.4005,0.339,0.4192,23.87
0.7788,0.6802,0.6329,48.23
0.7215,0.6543,0.6143,38.81
0.95,0.95,0.95,52.52
0.2548,0.1371,0.2589,15.27
0.6001,0.4968,0.58,31.61
0.3231,0.3436,0.3186,22.58
0.6544,0.5641,0.5963,35.63
0.95,0.8287,0.95,57.93
0.1935,0.1077,0.1879,13.91
0.5227,0.516,0.3872,26.61
0.5146,0.4244,0.4967,32.44
0.3376,0.2398,0.2998,19.65
0.4255,0.3926,0.3982,31.43
0.5944,0.4762,0.5616,34.9
0.4807,0.3843,0.3675,25.35
0.6335,0.4952,0.5946,41.26
0.4997,0.6235,0.3261,34.29
0.2135,0.2025,0.1979,17.84
0.1169,0.1,0.1,13.62
0.4313,0.4229,0.3971,24.4
0.4244,0.4252,0.3994,33.54
0.267,0.2452,0.2843,20.25
0.6676,0.5322,0.6415,30.58
0.4073,0.4661,0.3568,31.37
0.5361,0.4187,0.4396,27.21
0.2105,0.211,0.2317,23.01
0.7198,0.5953,0.6714,39.67
0.95,0.9359,0.95,59.91
0.4869,0.3959,0.3929,25.91
0.4588,0.3978,0.4558,26.14
0.3901,0.29,0.2899,26.34
0.8109,0.7223,0.7875,41.22
0.4242,0.418,0.412,32.22
0.5593,0.467,0.4658,39.13
0.3068,0.275,0.326,20.93
0.8978,0.7461,0.7405,48.16
0.5211,0.3914,0.4896,36.0
0.95,0.95,0.8182,57.39
0.5691,0.4941,0.5108,36.91
0.4286,0.2916,0.3943,21.62
0.5244,0.4046,0.5181,34.77
0.6132,0.588,0.43,37.9
0.5425,0.5528,0.4473,37.64
0.4349,0.378,0.4372,31.48
0.5654,0.4582,0.5361,29.29
0.4772,0.4984,0.3722,26.76
0.6886,0.5841,0.6816,32.04
0.4685,0.3631,0.4805,31.94
0.7647,0.6398,0.8129,47.72
0.826,0.6924,0.8595,50.8
0.8878,0.7642,0.9022,51.5
0.6689,0.4448,0.5196,38.87
0.8696,0.7344,0.7901,48.48
0.2741,0.3518,0.2405,25.88
0.5637,0.5179,0.4825,33.7
0.7486,0.8023,0.5706,45.79
0.2839,0.2309,0.2832,18.54
0.5174,0.4351,0.4628,28.02
0.6761,0.605,0.7051,45.84
0.6471,0.5988,0.5784,41.63
0.1788,0.1729,0.1869,14.28
0.1,0.1,0.1,12.03
0.7391,0.6353,0.6987,40.85
0.7099,0.5649,0.7018,42.65
0.469,0.4371,0.3627,32.8
0.8721,0.7465,0.7944,49.04
0.2743,0.2982,0.3036,27.07
0.7376,0.6504,0.7931,43.7
0.6646,0.5933,0.5706,34.65
0.4584,0.4106,0.4138,25.92
0.2786,0.2488,0.2911,20.32
0.7485,0.6832,0.7239,38.96
0.6797,0.5615,0.6224,31.6
0.3993,0.3557,0.3817,26.97
0.1053,0.1392,0.1,17.43
0.4671,0.2715,0.4904,22.89
0.5029,0.4218,0.4752,34.06
0.2136,0.2257,0.1911,22.09
0.6911,0.6378,0.6235,33.5
0.9293,0.8042,0.8785,46.46
0.7201,0.5703,0.7028,41.31
0.95,0.7804,0.8002,51.79
0.95,0.8697,0.8173,59.95
0.7541,0.6621,0.686,44.76
0.95,0.8719,0.95,56.73
0.4349,0.4722,0.399,33.66
0.752,0.6341,0.7278,45.56
0.8774,0.7411,0.8163,42.52
0.7926,0.7711,0.8544,46.44
0.6386,0.5501,0.6515,40.68
0.8091,0.6971,0.6131,47.99
0.492,0.4526,0.4264,32.11
0.5845,0.475,0.5391,35.42
0.3771,0.3231,0.3648,22.74
0.4885,0.3578,0.4855,26.5
0.6288,0.4467,0.6264,33.22
0.3372,0.2493,0.3276,19.91
0.3008,0.2593,0.2896,18.51
0.7217,0.5983,0.7782,47.3
0.3008,0.2779,0.2584,20.32
0.95,0.8163,0.7983,55.48
0.4542,0.2825,0.4012,24.15
0.3421,0.3382,0.3016,23.61
0.1037,0.1,0.1,16.07
0.5759,0.4716,0.553,31.9
0.95,0.8051,0.9286,48.67
0.4696,0.4024,0.4515,33.25
0.5182,0.4036,0.48,29.37
0.6501,0.5753,0.6373,36.96
0.7259,0.6671,0.6724,40.26
0.3101,0.2584,0.3056,18.94
0.6151,0.4483,0.5914,32.63
0.7894,0.6171,0.8412,50.22
0.723,0.6169,0.6889,37.64
0.5923,0.5091,0.5772,37.4
0.9092,0.7865,0.9154,48.62
0.7527,0.6283,0.6536,43.91
0.7197,0.5991,0.6346,41.29
0.3707,0.3161,0.3479,21.96
0.4783,0.4214,0.3489,25.17
0.5428,0.4709,0.5097,29.26
0.2341,0.102,0.1164,13.02
0.95,0.7476,0.8594,52.29
0.6076,0.4319,0.5232,30.4
0.5285,0.4807,0.4835,30.39
0.6889,0.493,0.5007,28.57
0.1,0.1056,0.1,10.85
0.1,0.1,0.1,9.95
0.1,0.1,0.1,11.87
0.95,0.7979,0.8429,53.72
0.7959,0.7054,0.7324,50.34
0.2452,0.2215,0.1933,22.74
0.7438,0.7554,0.643,47.55
0.3019,0.2162,0.2412,18.89
0.8688,0.8761,0.7169,52.27
0.696,0.614,0.4948,31.01
0.8893,0.763,0.8538,50.0
0.343,0.269,0.2224,19.86
0.95,0.7696,0.9279,58.75
0.4995,0.4983,0.4788,33.55
0.5198,0.4337,0.5157,27.39
0.6164,0.4577,0.5245,36.88
0.3737,0.2558,0.337,20.27
0.6734,0.6556,0.5929,36.25
0.1,0.1,0.1,7.09
0.6274,0.5144,0.5869,38.36
0.95,0.8235,0.95,53.47
0.95,0.8517,0.8563,57.09
0.95,0.8972,0.95,53.52
0.5471,0.4567,0.5422,29.98
0.6136,0.6231,0.5331,39.56
0.1969,0.2067,0.1828,21.75
0.9186,0.7727,0.8604,45.33
0.95,0.9184,0.9345,58.22
0.6411,0.503,0.5564,39.28
0.7924,0.6687,0.7257,46.32
0.7063,0.5141,0.7703,42.34
0.718,0.5819,0.5859,35.21
0.1861,0.1422,0.1701,14.84
0.2369,0.1716,0.2429,16.47
0.6501,0.5211,0.6224,35.78
0.95,0.8305,0.9303,51.67
0.3495,0.3603,0.314,28.7
0.2024,0.1819,0.2025,16.35
0.5525,0.4534,0.5316,34.61
0.5253,0.4975,0.5125,37.2
0.1666,0.1732,0.169,16.49
0.7807,0.6939,0.7249,43.39
0.2566,0.3278,0.3268,24.99
0.95,0.8421,0.95,53.49
0.8469,0.5935,0.8252,49.94
0.1,0.1,0.1,10.19
0.5159,0.3977,0.4651,33.02
0.5286,0.4453,0.5227,36.69
0.1,0.1,0.1,9.4
0.95,0.878,0.95,60.0
0.5572,0.4654,0.5035,38.53
0.3484,0.2947,0.3374,22.23
0.2032,0.1905,0.1893,16.94
0.3663,0.2135,0.2866,24.57
0.4869,0.4879,0.412,26.66
0.6466,0.5055,0.6305,32.87
0.687,0.5636,0.5319,35.13
0.6729,0.4967,0.6289,41.16
0.7112,0.6134,0.6552,36.17
0.7278,0.6537,0.7847,45.61
0.6687,0.5849,0.6107,40.63
0.3788,0.2939,0.3301,22.39
0.1301,0.3553,0.1921,21.99
0.316,0.2397,0.3207,20.75
0.8317,0.6756,0.828,50.67
0.5812,0.5787,0.3994,31.97
0.7145,0.5759,0.6487,34.51
0.4738,0.4235,0.3978,26.46
0.703,0.5987,0.7044,32.21
0.9335,0.822,0.8867,47.52
0.8226,0.6552,0.6867,35.05
0.6932,0.6046,0.6576,42.5
0.4299,0.3851,0.4121,22.53
0.9095,0.6082,0.7075,42.96
0.6562,0.5264,0.5808,38.46
0.7751,0.7,0.7549,48.69
0.339,0.3425,0.3147,21.37
0.6402,0.5478,0.5878,33.84
0.5548,0.4715,0.5265,35.34
0.8019,0.6025,0.8579,49.09
0.87,0.7117,0.7485,46.33
0.5578,0.4586,0.4252,27.55
0.8263,0.6798,0.8032,43.38
0.8456,0.6379,0.6747,41.37
0.4448,0.5384,0.3345,34.4
0.95,0.8597,0.8819,55.3
0.2469,0.204,0.2285,19.87
0.2687,0.2198,0.2783,21.68
0.5123,0.3777,0.4254,25.75
0.7746,0.7012,0.7867,49.74
0.6841,0.6008,0.6514,41.56
0.5068,0.4365,0.3771,34.34
0.4716,0.2686,0.4078,31.37
0.6595,0.5575,0.6043,42.58
0.3437,0.2358,0.2508,19.13
0.6612,0.5517,0.6243,40.34
0.7574,0.5041,0.7301,32.69
0.3345,0.3126,0.3086,26.8
0.5227,0.4742,0.5229,29.04
0.7988,0.7136,0.7689,42.23
0.4415,0.3549,0.3911,31.78
0.4685,0.3263,0.4041,23.92
0.7723,0.6518,0.7,43.98
0.5135,0.4035,0.4393,35.75
0.1412,0.1046,0.1,9.03
0.7852,0.6989,0.7014,42.11
0.95,0.8838,0.95,54.17
0.6423,0.5787,0.6164,34.61
0.1927,0.1995,0.1653,17.53
0.2398,0.2101,0.2917,17.68
0.4876,0.5262,0.4804,35.63
0.6719,0.5001,0.5606,31.05
0.3102,0.3561,0.2019,17.91
0.3329,0.2791,0.3737,28.98
0.8039,0.7025,0.823,49.75
0.471,0.3679,0.5177,28.83
0.6839,0.5072,0.6276,32.93
0.3806,0.3339,0.3602,28.61
0.5873,0.4839,0.4955,33.21
0.95,0.95,0.95,60.0
0.1687,0.1091,0.164,13.95
0.8183,0.657,0.6882,50.99
0.3632,0.3445,0.3476,28.64
0.7179,0.5287,0.6178,36.59
0.613,0.5442,0.5949,38.58
0.8138,0.6994,0.7875,39.63
0.2641,0.1551,0.2088,15.6
0.5042,0.4093,0.4232,25.13
0.5853,0.5025,0.5029,30.96
0.1154,0.1325,0.1,14.24
0.9048,0.7718,0.8791,51.76
0.2697,0.2424,0.2508,16.51
0.95,0.6038,0.9008,50.47
0.6284,0.5343,0.5864,37.51
0.8281,0.719,0.6563,47.63
0.9091,0.7285,0.8842,44.93
0.8194,0.6639,0.7779,46.76
0.3689,0.2802,0.3607,22.31
0.6937,0.5868,0.6611,33.71
0.3989,0.2508,0.2417,19.55
0.7691,0.6474,0.7425,47.23
0.5627,0.4887,0.4881,37.78
0.5879,0.4962,0.6048,37.89
0.5821,0.4906,0.5464,38.25
0.8688,0.7691,0.7919,50.8
0.6178,0.5595,0.5671,33.34
0.3495,0.1953,0.3063,20.36
0.598,0.511,0.4859,32.75
0.7429,0.6022,0.6703,47.89
0.5266,0.4565,0.4635,30.25
0.4358,0.4088,0.4283,32.69
0.3906,0.3359,0.3153,22.24
0.95,0.7742,0.8738,50.44
0.6705,0.4677,0.6767,29.42
0.95,0.9011,0.9466,54.33
0.4899,0.3829,0.3522,31.71
0.1,0.1,0.1,8.98
0.6881,0.6053,0.6674,43.2
0.7159,0.6051,0.6569,42.52
0.4875,0.372,0.4172,23.69
0.4108,0.3523,0.398,23.33
0.4343,0.4763,0.2542,31.76
0.4979,0.3869,0.4986,33.05
0.8751,0.6846,0.7846,48.09
0.2665,0.1997,0.2498,17.6
0.6995,0.6351,0.656,41.17
0.3576,0.3102,0.4355,28.54
0.8294,0.6444,0.7952,42.79
0.8345,0.6822,0.7969,45.29
0.4544,0.4581,0.4898,33.48
0.95,0.907,0.95,57.17
0.5239,0.4225,0.5068,24.44
0.6824,0.5959,0.6614,36.85
0.95,0.9215,0.9126,60.0
0.6554,0.557,0.5995,36.14
0.6743,0.5022,0.5613,31.83
0.434,0.4464,0.4575,33.79
0.6921,0.5321,0.6405,41.11
0.2463,0.1739,0.2051,21.61
0.4787,0.3673,0.4626,32.72
0.1411,0.1,0.1972,18.5
0.1411,0.1498,0.1377,14.31
0.2711,0.2609,0.2815,19.82
0.1805,0.1762,0.1564,16.61
0.9305,0.8242,0.903,50.6
0.4159,0.3319,0.3645,28.73
0.5835,0.4742,0.4365,27.83
0.7704,0.6132,0.7314,43.13
0.7118,0.5716,0.6712,42.64
0.1,0.1,0.1294,14.35
0.8717,0.8652,0.7151,51.02
0.4128,0.3664,0.3745,24.59
0.4302,0.3372,0.348,20.9
0.429,0.2923,0.4235,30.63
0.7095,0.6082,0.5904,31.48
0.7185,0.532,0.6063,28.45
0.95,0.8796,0.95,60.0
0.95,0.8694,0.95,51.61
0.3382,0.2578,0.291,21.11
0.7015,0.6063,0.7075,41.55
0.5159,0.399,0.4898,26.71
0.7239,0.4974,0.6327,38.47
0.6495,0.4785,0.5985,41.47
0.8695,0.7386,0.8205,55.51
0.9303,0.7289,0.708,49.57
0.5954,0.5337,0.579,36.12
0.4956,0.5335,0.4098,36.62
0.3295,0.2587,0.27,18.07
0.9294,0.6806,0.7339,50.62
0.5023,0.3851,0.3864,33.51
0.7773,0.6496,0.7542,41.96
0.5312,0.4585,0.509,29.0
0.9052,0.7685,0.8683,49.64
0.813,0.7192,0.7741,41.6
0.7368,0.6275,0.6892,39.41
0.6559,0.6117,0.3927,35.43
0.6194,0.6388,0.4618,32.47
0.7961,0.6605,0.7529,40.92
0.9415,0.7989,0.95,56.61
0.1,0.1,0.1318,13.18
0.6341,0.4876,0.6529,42.88
0.3844,0.3249,0.3286,22.16
0.7853,0.6019,0.7828,33.96
0.3679,0.3319,0.3897,21.19
0.95,0.95,0.8726,59.45
0.3458,0.3482,0.3322,26.72
0.5376,0.4257,0.5985,34.0
0.8756,0.7129,0.8138,46.69
0.5471,0.4406,0.6086,31.41
0.2692,0.2945,0.2874,20.76
0.4154,0.3274,0.3736,21.97
0.7571,0.6496,0.7554,41.75
0.6103,0.4754,0.5881,33.15
0.8461,0.8536,0.7984,45.0
0.4749,0.3751,0.4027,27.43
0.51,0.3791,0.4811,31.95
0.52,0.4703,0.4069,34.09
0.8828,0.5993,0.7305,45.96
0.8044,0.8333,0.7144,49.73
0.95,0.7713,0.7832,59.58
0.4508,0.3537,0.3981,30.96
0.1109,0.1481,0.1209,14.46
0.7982,0.712,0.7595,48.71
0.8574,0.7133,0.7957,43.5
0.1463,0.1421,0.1017,12.79
0.2294,0.2428,0.1,22.13
0.3792,0.2322,0.2588,19.23
0.6695,0.5596,0.5502,33.75
0.1,0.1,0.1,11.51
0.1953,0.2115,0.2051,22.74
0.4209,0.2842,0.3399,20.48
0.6148,0.4835,0.5552,43.93
0.95,0.8696,0.9175,48.48
0.5462,0.4475,0.5475,35.79
0.7122,0.5514,0.6055,33.14
0.6809,0.6025,0.6426,33.13
0.4796,0.432,0.4006,25.7
0.1514,0.1,0.1305,12.41
0.7311,0.6499,0.7267,42.24
0.7684,0.7014,0.6393,44.81
0.95,0.7888,0.9224,60.0
0.6226,0.4749,0.5692,39.77
0.4184,0.2765,0.3036,20.79
0.95,0.95,0.9352,60.0
0.5721,0.4808,0.536,35.84
0.7656,0.6608,0.5987,37.38
0.1761,0.2134,0.1734,21.22
0.3778,0.3367,0.2737,21.13
0.4461,0.4135,0.3853,30.62
0.5681,0.4995,0.4787,27.47
0.2972,0.2654,0.2848,20.58
0.95,0.9115,0.95,60.0
0.2985,0.301,0.2689,24.95
0.472,0.4442,0.4091,25.09
0.6691,0.6752,0.6499,43.09
0.4553,0.4848,0.3568,26.07
0.2073,0.3074,0.1494,21.59
0.4927,0.3993,0.4441,27.65
0.1,0.1,0.1,14.06
0.6637,0.6466,0.5487,39.88
0.95,0.7505,0.8318,57.15
0.606,0.5659,0.6815,31.84
0.5217,0.4961,0.4913,32.71
0.553,0.3856,0.5543,37.16
0.4965,0.3953,0.4697,32.77
0.767,0.6441,0.7304,39.68
0.5591,0.3354,0.5305,23.73
0.6333,0.5883,0.5766,42.08
0.6922,0.5785,0.6382,42.76
0.5634,0.4549,0.5359,34.78
0.95,0.7946,0.9286,60.0
0.5053,0.4107,0.4736,27.85
0.2933,0.2186,0.2355,16.43
0.868,0.7287,0.823,48.36
0.5366,0.4234,0.4724,34.63
0.7185,0.5674,0.6013,40.87
0.4568,0.4456,0.5164,28.28
0.6082,0.4739,0.5222,38.4
0.5448,0.5341,0.55,28.85
0.9321,0.8553,0.7644,53.61
0.5704,0.5021,0.4861,30.01
0.9164,0.9119,0.8625,56.72
0.7627,0.6827,0.6457,37.28
0.458,0.3397,0.4203,30.33
0.1877,0.2101,0.1779,18.45
0.5319,0.417,0.4661,33.56
0.7618,0.6434,0.7311,35.75
0.95,0.927,0.7901,60.0
0.5416,0.4417,0.5073,38.23
0.4487,0.3846,0.2991,32.45
0.3394,0.3299,0.3071,27.54
0.4383,0.3446,0.3725,23.77
0.95,0.7536,0.8811,54.37
0.2022,0.1621,0.1938,14.32
0.8763,0.7255,0.8604,44.0
0.95,0.8331,0.9189,46.94
0.9127,0.6205,0.7966,48.19
0.5122,0.4289,0.5076,35.2
0.7331,0.5608,0.7448,45.89
0.4113,0.4178,0.3902,32.5
0.68,0.5867,0.6609,42.28
0.3363,0.3643,0.3723,29.21
0.3015,0.2925,0.2673,20.49
0.3557,0.3043,0.2587,20.35
0.95,0.8884,0.95,60.0
0.82,0.6784,0.7436,40.69
0.5498,0.499,0.486,34.24
0.7132,0.6411,0.6688,44.31
0.95,0.8182,0.8839,58.25
0.6788,0.7055,0.5692,44.26
0.3268,0.4055,0.3077,29.02
0.95,0.7602,0.95,56.11
0.4258,0.3184,0.2707,27.33
0.7411,0.7877,0.7203,49.39
0.5313,0.4616,0.4969,34.24
0.9004,0.8073,0.8606,47.35
0.5104,0.4112,0.4575,25.93
0.6923,0.6248,0.578,40.47
0.6838,0.5003,0.6116,40.65
0.1378,0.1432,0.1095,12.48
0.95,0.802,0.9096,48.51
0.341,0.2849,0.3012,20.53
0.4431,0.3467,0.4168,23.93
0.2229,0.2231,0.1868,21.64
0.7288,0.6433,0.7202,38.7
0.9069,0.7823,0.7896,58.49
0.3726,0.2896,0.3476,21.21
0.7881,0.6759,0.7595,42.9
0.95,0.95,0.95,60.0
0.1375,0.163,0.1,18.27
0.8434,0.7627,0.7723,45.05
0.9287,0.719,0.8143,53.83
0.95,0.95,0.95,60.0
0.4984,0.4721,0.4403,33.28
0.5762,0.4287,0.4916,35.76
0.7292,0.5162,0.5238,34.66
0.8044,0.6517,0.8088,52.91
0.95,0.7978,0.95,58.09
0.3108,0.4152,0.2753,26.93
0.8424,0.7317,0.9292,54.3
0.3138,0.3491,0.2893,27.18
0.95,0.8469,0.95,60.0
0.2342,0.2362,0.2009,21.84
0.948,0.7339,0.8015,48.51
0.5034,0.4156,0.4728,32.68
0.6456,0.5129,0.5752,33.79
0.4455,0.3166,0.4035,22.29
0.3137,0.2105,0.2624,18.09
0.95,0.834,0.9265,52.64
0.7178,0.624,0.6795,44.32
0.6786,0.444,0.5285,31.67
0.6298,0.5771,0.6429,34.58
0.5418,0.5095,0.5355,31.71
0.4678,0.5036,0.4236,33.95
0.1,0.1,0.1,10.77
0.3764,0.3533,0.2307,29.22
0.4773,0.5137,0.403,29.67
0.548,0.4113,0.5206,35.73
0.4054,0.3096,0.3368,22.54
0.7025,0.7082,0.6124,37.25
0.1447,0.1134,0.1755,11.86
0.3019,0.2492,0.2718,21.29
0.7167,0.6947,0.6482,37.05
0.4351,0.2581,0.3533,28.48
0.5629,0.4268,0.4997,30.18
0.5711,0.4362,0.5205,29.56
0.6779,0.5917,0.6146,34.92
0.3104,0.2391,0.2723,18.19
0.95,0.95,0.9408,56.9
0.6368,0.412,0.5605,28.22
0.5869,0.5451,0.6064,41.34
0.9407,0.8127,0.9195,41.79
0.4249,0.3656,0.4011,27.79
0.4724,0.3354,0.4743,30.18
0.2537,0.3143,0.1856,25.23
0.1536,0.1887,0.2584,19.88
0.2946,0.2129,0.2785,18.14
0.7282,0.5981,0.6617,44.18
0.6357,0.4992,0.5632,32.4
0.6431,0.4737,0.5842,33.75
0.95,0.8687,0.95,56.38
0.7047,0.5653,0.6661,44.9
0.6238,0.5234,0.481,35.72
0.9204,0.7454,0.7112,53.15
0.5194,0.4356,0.4149,27.66
0.4234,0.3509,0.3862,23.55
0.5902,0.5092,0.6302,42.72
0.9248,0.8479,0.867,51.93
0.7505,0.6281,0.7351,44.04
0.5305,0.4418,0.5007,28.09
0.6656,0.6433,0.6198,43.02
0.5141,0.3712,0.5054,31.39
0.2006,0.1273,0.1781,13.36
0.7997,0.6444,0.7476,42.34
0.6009,0.5078,0.4642,28.27
0.4211,0.3091,0.3013,21.2
0.5667,0.4443,0.4976,33.6
0.7919,0.7117,0.7668,45.63
0.6695,0.619,0.6166,34.47
0.95,0.8147,0.8028,53.44
0.4225,0.3037,0.4055,27.91
0.5267,0.488,0.4525,36.63
0.9418,0.7852,0.877,52.48
0.7276,0.6404,0.5737,42.61
0.334,0.2522,0.3304,26.45
0.6026,0.631,0.5394,33.51
0.7777,0.6779,0.7664,50.6
0.1,0.1363,0.1,13.21
0.6226,0.5523,0.5588,27.6
0.2351,0.2274,0.2335,17.85
0.8351,0.7027,0.7383,36.06
0.3986,0.2833,0.3941,30.54
0.95,0.833,0.95,47.4
0.95,0.819,0.8424,54.47
0.8538,0.7136,0.807,41.44
0.8129,0.6712,0.7623,41.75
0.5696,0.4365,0.5597,29.8
0.5281,0.4709,0.4995,34.05
0.3958,0.3667,0.3479,25.34
0.5171,0.358,0.435,33.36
0.5462,0.5169,0.5203,36.02
0.8142,0.6619,0.7671,46.98
0.6531,0.5604,0.5949,42.57
0.721,0.5742,0.6342,35.99
0.1,0.1,0.1,11.64
0.6267,0.4959,0.4981,42.33
0.763,0.6769,0.7072,45.23
0.95,0.5735,0.8614,46.7
0.9076,0.6303,0.8305,42.38
0.7845,0.6351,0.6691,41.32
0.8286,0.6871,0.7695,44.39
0.7536,0.6676,0.7022,38.87
0.851,0.703,0.8046,41.59
0.2351,0.3001,0.2498,25.24
0.7565,0.6941,0.7542,40.49
0.7461,0.7503,0.7033,49.17
0.302,0.2412,0.328,18.37
0.5507,0.3621,0.4493,35.6
0.672,0.5007,0.6355,40.18
0.4224,0.2953,0.4519,23.2
0.6823,0.602,0.6613,36.36
0.95,0.9373,0.95,56.16
0.5325,0.4353,0.5119,26.31
0.4595,0.3728,0.4387,30.88
0.7764,0.6067,0.8349,50.31
0.4434,0.2963,0.3585,20.67
0.7441,0.6067,0.6881,34.4
0.1,0.191,0.1029,19.36
0.7497,0.5915,0.6503,42.6
0.5017,0.3957,0.4401,25.54
0.95,0.8637,0.9186,55.54
0.7842,0.7547,0.831,47.44
0.3565,0.4669,0.3062,28.42
0.4045,0.3818,0.4025,28.89
0.7725,0.6521,0.7365,43.59
0.6038,0.5557,0.5696,33.15
0.7755,0.6368,0.5918,37.43
0.95,0.8844,0.95,59.02
0.5797,0.4994,0.6143,29.27
0.644,0.5497,0.6852,38.02
0.6838,0.6056,0.6678,42.96
0.6652,0.5667,0.6919,38.43
0.6423,0.5435,0.6173,35.97
0.9253,0.8017,0.8719,47.81
0.8117,0.5942,0.7755,45.14
0.3863,0.3288,0.3705,29.34
0.7097,0.5996,0.5609,29.94
0.95,0.739,0.95,58.02
0.6765,0.5354,0.6104,40.06
0.5836,0.546,0.5387,37.43
0.6328,0.3051,0.6212,21.88
0.1,0.1,0.1,10.63
0.3536,0.2621,0.3603,18.34
0.2951,0.212,0.2708,18.96
0.6442,0.5545,0.5818,32.79
0.2099,0.1452,0.2032,15.44
0.4377,0.3449,0.4144,31.2
0.95,0.95,0.95,59.42
0.4234,0.3555,0.3865,24.2
0.7645,0.7412,0.7767,48.54
0.7065,0.6616,0.6694,42.7
0.5541,0.4694,0.5856,35.21
0.3351,0.1882,0.249,17.91
0.7562,0.6705,0.7232,39.24
0.3354,0.1998,0.3515,24.18
0.3547,0.4437,0.3701,29.21
0.95,0.8632,0.7705,53.06
0.3097,0.1525,0.1771,15.09
0.3387,0.3282,0.2754,28.67
0.7818,0.71,0.7208,45.7
0.2183,0.2065,0.2317,16.78
0.5255,0.5744,0.5001,36.57
0.4808,0.3901,0.4351,26.09
0.9438,0.8322,0.9075,49.69
0.7771,0.5769,0.6773,35.0
0.3426,0.4702,0.2932,29.98
0.7897,0.6557,0.7509,43.13
0.9421,0.7648,0.95,52.44
0.1806,0.3399,0.189,22.09
0.5342,0.4056,0.4888,27.97
0.2988,0.2649,0.2818,21.32
0.296,0.2593,0.2928,20.34
0.7995,0.5309,0.5559,41.82
0.7253,0.6288,0.7198,44.48
0.929,0.7808,0.6852,53.27
0.3513,0.3045,0.3146,22.0
0.4004,0.2941,0.4295,30.12
0.8559,0.6928,0.8349,38.71
0.6066,0.5433,0.5569,40.53
0.7723,0.612,0.7688,47.99
0.6736,0.5722,0.6456,39.43
0.52,0.3989,0.3924,27.5
0.4546,0.4246,0.4426,28.57
0.6643,0.5656,0.5988,33.52
0.634,0.4642,0.5706,38.72
0.346,0.3314,0.3348,26.18
0.8105,0.6862,0.7625,47.39
0.95,0.8559,0.8357,56.81
0.6702,0.5412,0.649,41.68
0.5972,0.5377,0.4963,28.3
0.2946,0.2361,0.2857,19.48
0.2094,0.1597,0.1,9.7
0.1704,0.1933,0.1809,16.39
0.7209,0.4985,0.6271,40.25
0.95,0.8398,0.771,46.79
0.6434,0.491,0.5708,29.34
0.3938,0.3054,0.3027,21.35
0.8779,0.6999,0.8183,38.15
0.95,0.8509,0.9412,55.96
0.1994,0.1104,0.2193,17.43
0.2772,0.2422,0.2736,19.11
0.1593,0.1,0.1161,12.8
0.8339,0.6127,0.8075,48.12
0.8843,0.7706,0.8512,46.96
0.7794,0.4932,0.7101,34.36
0.5208,0.4576,0.4238,34.87
0.3905,0.3209,0.3266,22.64
0.2969,0.4062,0.4084,26.61
0.2673,0.2122,0.2536,19.33
0.5826,0.5191,0.5473,34.6
0.4822,0.4908,0.4383,33.06
0.6928,0.622,0.5839,44.13
0.7457,0.5637,0.7126,35.29
0.8383,0.7453,0.7917,51.22
0.4014,0.3265,0.3635,23.51
0.2004,0.1461,0.1,12.51
0.7981,0.6976,0.7826,45.69
0.4483,0.3293,0.3271,21.79
0.7056,0.6197,0.633,48.85
0.3341,0.2629,0.3266,20.01
0.2116,0.1855,0.2342,15.12
0.9325,0.7313,0.9232,57.0
0.4886,0.3948,0.4442,32.1
0.4745,0.4077,0.4462,25.49
0.4115,0.4582,0.4143,31.6
0.6174,0.529,0.5667,37.36
0.7668,0.6302,0.6621,42.02
0.4904,0.4944,0.4569,33.75
0.8737,0.5731,0.7213,41.55
0.8928,0.7547,0.8232,42.85
0.365,0.3112,0.2655,20.37
0.1394,0.1041,0.1496,13.84
0.4687,0.3032,0.3808,32.05
0.3828,0.2208,0.312,29.52
0.4173,0.3759,0.4001,24.71
0.4188,0.4854,0.4382,34.85
0.3624,0.3636,0.3991,24.21
0.2804,0.3263,0.1673,17.91
0.7067,0.556,0.6896,35.32
0.4815,0.3667,0.4705,30.58
0.4528,0.4966,0.4134,24.82
0.4733,0.396,0.4373,30.38
0.1481,0.1759,0.1384,15.18
0.3795,0.2935,0.3246,20.82
0.2702,0.2569,0.2972,24.7
0.6265,0.5107,0.5097,31.05
0.1398,0.2934,0.1368,20.19
0.3321,0.2745,0.3324,20.56
0.113,0.1665,0.1969,18.66
0.8545,0.6248,0.742,46.0
0.8105,0.7664,0.657,39.58
0.8215,0.7449,0.7491,55.62
0.1,0.1135,0.1,12.84
0.3972,0.3338,0.3374,22.79
0.326,0.309,0.3177,22.41
0.9065,0.7777,0.725,51.3
0.7838,0.5945,0.6221,34.76
0.2626,0.1759,0.1817,14.86
0.8604,0.7815,0.8176,49.86
0.95,0.9276,0.95,57.35
0.7399,0.6261,0.7476,40.99
0.5144,0.3666,0.5209,32.4
0.6046,0.4922,0.5343,24.74
0.4561,0.4552,0.4899,35.87
0.8063,0.6046,0.7856,38.13
0.95,0.8694,0.95,59.58
0.7,0.5561,0.5425,40.1
0.95,0.7697,0.95,59.32
0.4143,0.3937,0.2497,31.32
0.6299,0.5903,0.6115,36.92
0.6583,0.538,0.5878,32.69
0.6237,0.5616,0.5257,38.62
0.1983,0.1115,0.1,11.44
0.4285,0.3722,0.4305,22.3
0.6768,0.7343,0.5414,38.95
0.9418,0.7179,0.8296,49.42
0.8652,0.7612,0.6952,49.89
0.7805,0.4796,0.702,29.3
0.5162,0.4582,0.5148,29.94
0.95,0.7798,0.91,58.11
0.931,0.6339,0.7909,48.31
0.8771,0.6221,0.8015,47.16
0.2793,0.2077,0.282,17.31
0.6772,0.5661,0.6062,41.18
0.873,0.824,0.7131,56.59
0.9225,0.6694,0.8556,52.24
0.4936,0.4329,0.4796,32.97
0.4513,0.434,0.3998,23.42
0.8553,0.7694,0.829,42.02
0.4234,0.3538,0.3466,29.94
0.5532,0.4559,0.4717,37.48
0.95,0.7432,0.8594,51.02
0.2648,0.2302,0.2471,18.28
0.4397,0.3737,0.3194,22.94
0.7544,0.6717,0.7262,45.41
0.6112,0.473,0.5953,35.98
0.5676,0.4627,0.5146,35.65
0.8168,0.7155,0.7676,43.94
0.9427,0.8278,0.8476,51.42
0.6387,0.5791,0.5113,45.0
0.2363,0.3224,0.2161,24.7
0.7637,0.6108,0.7332,46.09
0.5321,0.5089,0.4947,36.83
0.2829,0.174,0.2635,21.76
0.616,0.5452,0.5791,33.21
0.7307,0.6144,0.75,46.05
0.3595,0.2648,0.2939,18.06
0.5823,0.4754,0.5266,37.75
0.4776,0.4054,0.3857,33.9
0.6248,0.539,0.6067,38.64
0.7616,0.722,0.6216,45.06
0.5203,0.6171,0.4228,38.2
0.9418,0.8455,0.785,55.78
0.3993,0.2982,0.3842,22.12
0.5808,0.4735,0.5278,29.62
0.95,0.661,0.8443,43.13
0.3815,0.3016,0.3695,21.42
0.7862,0.6905,0.703,47.02
0.6137,0.4891,0.4957,29.14
0.2649,0.1744,0.2274,17.53
0.649,0.6214,0.5015,41.35
0.8507,0.7965,0.7911,47.38
0.3811,0.3382,0.3733,29.68
0.5449,0.4521,0.4793,24.33
0.4302,0.413,0.4123,32.63
0.4092,0.308,0.4153,23.45
0.9384,0.6701,0.7613,53.61
0.9154,0.772,0.8679,45.78
0.5161,0.4587,0.4796,34.02
0.83,0.7061,0.7319,37.3
0.6043,0.4612,0.5822,37.75
0.4976,0.4972,0.5259,29.6
0.6761,0.5377,0.6042,44.61
0.3624,0.3118,0.3673,26.99
0.2879,0.32,0.1658,25.67
0.7886,0.6989,0.743,48.53
0.95,0.9027,0.9448,52.75
0.95,0.788,0.7541,48.88
0.3357,0.3318,0.2786,20.92
0.5309,0.445,0.4712,38.62
0.226,0.2104,0.2502,16.51
0.5364,0.4646,0.5175,36.8
0.8128,0.6412,0.7344,39.57
0.2341,0.1948,0.1795,16.38
0.4234,0.406,0.377,30.56
0.5526,0.4816,0.5054,33.9
0.3231,0.3512,0.3363,28.91
0.6454,0.5261,0.5508,34.43
0.5843,0.3882,0.3429,29.2
0.2925,0.2843,0.2927,20.1
0.1,0.1,0.1,9.53
0.5304,0.4556,0.5047,32.73
0.4162,0.3742,0.4249,24.31
0.5401,0.425,0.5253,33.99
0.1488,0.1084,0.127,11.83
0.5635,0.4316,0.4554,27.47
0.95,0.8534,0.823,55.15
0.8512,0.6384,0.7318,42.84
0.95,0.95,0.95,60.0
0.4422,0.3661,0.4599,24.9
0.4218,0.3052,0.401,27.64
0.2594,0.2069,0.2743,21.18
0.8952,0.7512,0.8683,51.98
0.6065,0.6018,0.5148,36.09
0.8969,0.7277,0.8604,47.37
0.5828,0.5137,0.5993,29.01
0.6349,0.5116,0.6552,34.36
0.5235,0.4297,0.4157,33.8
0.4724,0.3098,0.5104,25.28
0.4672,0.4271,0.4404,33.76
0.4146,0.2897,0.2777,20.3
0.8514,0.7767,0.8516,48.17
0.3469,0.4283,0.361,29.18
0.7162,0.6238,0.5142,36.52
0.6621,0.5634,0.5539,45.59
0.95,0.6327,0.8084,40.47
0.95,0.8187,0.9277,50.44
0.5723,0.5129,0.5883,31.24
0.6486,0.6411,0.5739,40.63
0.9144,0.7627,0.8743,44.75
0.2154,0.1804,0.2064,15.72
0.4862,0.4459,0.4443,24.29
0.8355,0.7122,0.6331,41.98
0.3648,0.2374,0.4015,27.05
0.8688,0.6885,0.776,37.61
0.6467,0.4995,0.7245,37.84
0.95,0.95,0.95,56.69
0.3484,0.3327,0.3046,28.46
0.3797,0.3674,0.3588,22.73
0.6854,0.575,0.6592,43.61
0.6674,0.5463,0.6447,39.48
0.4194,0.2724,0.3173,20.78
0.5331,0.4371,0.4715,33.92
0.312,0.2861,0.2589,25.93
0.3994,0.524,0.3013,23.95
0.5796,0.5253,0.3863,27.7
0.95,0.95,0.898,58.76
0.95,0.8348,0.8259,58.94
0.5653,0.4874,0.5339,38.28
0.4439,0.3588,0.3479,23.89
0.95,0.7396,0.7634,56.51
0.6241,0.5345,0.5964,32.98
0.7782,0.6937,0.7349,40.59
0.8158,0.5938,0.784,30.4
0.6312,0.5828,0.3557,35.64
0.3412,0.3327,0.3247,27.66
0.847,0.7197,0.6845,40.81
0.7013,0.6068,0.6514,43.22
0.7531,0.6334,0.7067,46.89
0.7044,0.585,0.6921,47.32
0.95,0.7894,0.9244,54.64
0.8431,0.7296,0.7895,44.39
0.5132,0.3418,0.4937,28.26
0.8241,0.7401,0.7943,51.15
0.5962,0.5412,0.584,38.34
0.7577,0.5082,0.6986,35.51
0.3512,0.2675,0.2733,18.19
0.7357,0.5638,0.6351,34.14
0.95,0.8435,0.95,58.96
0.269,0.2452,0.2976,17.0
0.7505,0.6249,0.69,44.04
0.6543,0.6,0.6407,36.11
0.4992,0.3534,0.474,32.81
0.7859,0.6241,0.7245,50.16
0.6115,0.5197,0.6677,41.06
0.4882,0.477,0.4224,30.49
0.5632,0.4563,0.5051,34.13
0.7954,0.6795,0.7153,47.81
0.2904,0.3492,0.2991,26.09
0.1716,0.1,0.1,10.55
0.2293,0.152,0.1706,15.12
0.95,0.8369,0.95,54.91
0.5753,0.4452,0.6223,40.59
0.5947,0.5184,0.5871,31.84
0.6526,0.5278,0.6191,27.94
0.7301,0.6284,0.6976,39.56
0.5145,0.5803,0.5355,31.15
0.4433,0.3301,0.4309,22.54
0.95,0.7484,0.9058,50.82
0.6132,0.5041,0.666,41.92
0.1206,0.1238,0.1257,14.38
0.4537,0.2507,0.4826,29.81
0.6686,0.5593,0.5974,38.4
0.4945,0.4047,0.4783,30.2
0.8114,0.6094,0.6825,44.34
0.8088,0.6988,0.754,49.99
0.8287,0.7503,0.7362,43.05
0.718,0.6013,0.6322,37.78
0.2947,0.3014,0.35,27.97
0.6014,0.5907,0.5855,35.47
0.9169,0.7659,0.8712,44.51
0.678,0.5886,0.6724,41.07
0.5472,0.4767,0.4797,30.23
0.3054,0.4413,0.2951,28.31
0.3274,0.3618,0.3059,27.67
0.7101,0.6686,0.585,34.53
0.2946,0.2195,0.2592,17.71
0.4857,0.4646,0.5132,27.25
0.846,0.6786,0.7373,46.15
0.6756,0.6076,0.6434,37.9
0.1,0.1,0.1085,11.15
0.4834,0.4536,0.4096,32.57
0.95,0.8886,0.95,60.0
0.7385,0.6468,0.7528,46.0
0.6733,0.5863,0.6814,36.15
0.7232,0.5946,0.6999,36.44
0.2211,0.2195,0.2307,14.88
0.3882,0.3375,0.3582,23.58
0.7327,0.6404,0.6922,43.34
0.7486,0.6482,0.7989,44.65
0.3366,0.2658,0.2613,19.69
0.5846,0.4821,0.5005,37.08
0.2971,0.2754,0.2726,21.06
0.53,0.4641,0.4567,28.86
0.3592,0.2839,0.3094,20.57
0.7867,0.6393,0.7054,42.94
0.5241,0.4289,0.4045,27.17
0.95,0.8518,0.9059,57.94
0.174,0.1597,0.175,15.42
0.95,0.7496,0.8628,51.71
0.2094,0.3668,0.1326,23.16
0.95,0.8601,0.95,52.89
0.95,0.8227,0.95,58.68
0.95,0.8386,0.7899,53.99
0.52,0.3986,0.4978,32.89
0.6894,0.623,0.5828,42.79
0.6364,0.5737,0.629,42.24
0.2066,0.1727,0.1388,17.25
0.5179,0.4119,0.4129,26.33
0.9127,0.7514,0.6757,48.48
0.6925,0.5615,0.6569,41.07
0.4279,0.3453,0.4317,24.67
0.8004,0.731,0.7822,49.79
0.582,0.5332,0.5315,32.42
0.2828,0.2489,0.3198,19.03
0.7838,0.6775,0.6876,39.05
0.9375,0.8915,0.8539,54.43
0.4304,0.288,0.3913,21.19
0.5658,0.4749,0.6267,39.95
0.699,0.6057,0.6722,42.44
0.3613,0.2871,0.2473,19.34
0.7279,0.6248,0.6853,44.09
0.1447,0.1,0.1,9.61
0.95,0.8271,0.9329,52.0
0.8263,0.6794,0.7646,48.49
0.6594,0.6361,0.6183,36.28
0.4738,0.4548,0.3709,30.55
0.4829,0.3939,0.4012,25.8
0.7908,0.7047,0.6336,43.62
0.539,0.5286,0.4487,30.42
0.6409,0.5337,0.689,30.54
0.6051,0.4422,0.6077,35.52
0.4798,0.4242,0.4609,28.67
0.4687,0.3548,0.479,33.66
0.6851,0.6023,0.6405,42.11
0.9173,0.7786,0.7248,52.44
0.2812,0.2108,0.3863,25.87
0.95,0.8312,0.9433,56.79
0.3986,0.2088,0.3104,28.4
0.4507,0.3575,0.3923,24.61
0.6478,0.7235,0.5307,44.16
0.95,0.8295,0.9283,53.62
0.465,0.4046,0.4482,27.47
0.2423,0.1643,0.2152,14.87
0.436,0.341,0.4057,30.6
0.7814,0.659,0.7254,45.38
0.7615,0.7305,0.6378,41.69
0.6628,0.5379,0.7497,42.55
0.4472,0.2644,0.3634,28.86
0.576,0.4926,0.5241,38.45
0.6683,0.7149,0.6158,43.96
0.2445,0.1781,0.1034,13.74
0.3773,0.2976,0.3842,19.56
0.6139,0.5072,0.5871,29.79
0.3149,0.2993,0.2871,20.68
0.8102,0.6554,0.7681,36.97
0.6265,0.596,0.5033,41.76
0.8949,0.7256,0.9018,51.92
0.7633,0.6884,0.7847,41.64
0.3028,0.2706,0.285,20.26
0.7008,0.5738,0.6382,48.75
0.4851,0.4395,0.4407,31.91
0.7878,0.5582,0.7237,37.87
0.8126,0.7716,0.7618,44.02
0.473,0.5652,0.4419,35.74
0.3746,0.304,0.2677,28.49
0.7,0.5115,0.6714,34.5
0.2584,0.2323,0.2319,24.45
0.2325,0.1669,0.2276,16.48
0.5446,0.4462,0.4318,27.5
0.8132,0.696,0.7844,38.88
0.4463,0.3427,0.4335,26.69
0.1,0.1,0.1,10.65
0.8408,0.9143,0.6543,51.51
0.6427,0.6106,0.6782,43.93
0.8681,0.7643,0.796,40.51
0.5379,0.4629,0.5214,33.1
0.3275,0.2802,0.3367,19.24
0.6766,0.6371,0.5964,41.53
0.4231,0.463,0.3536,33.18
0.6212,0.5024,0.6563,46.11
0.7194,0.6417,0.6726,39.01
0.5125,0.4498,0.4177,35.41
0.8448,0.6617,0.6389,43.29
0.3162,0.3421,0.2716,25.52
0.6664,0.5263,0.5101,39.79
0.4945,0.5712,0.4764,31.33
0.9059,0.7709,0.866,44.2
0.1,0.1,0.1,10.8
0.3174,0.3734,0.2734,26.98
0.5186,0.415,0.3586,25.47
0.6967,0.5746,0.6801,37.3
0.6499,0.5376,0.5976,39.12
0.4668,0.4564,0.3817,25.89
0.431,0.3587,0.4,22.9
0.5171,0.4045,0.487,33.76
0.627,0.5166,0.6207,32.56
0.7488,0.616,0.7158,45.9
0.4138,0.3141,0.3037,22.75
0.5804,0.5132,0.4919,34.01
0.6505,0.61,0.6205,34.01
0.5955,0.4765,0.5049,31.11
0.9189,0.7749,0.8722,47.58
0.4453,0.3819,0.4231,24.98
0.7415,0.6126,0.6877,40.3
0.6449,0.5044,0.4864,29.45
0.3591,0.3787,0.372,23.65
0.95,0.9492,0.95,60.0
0.2762,0.189,0.1631,15.43
0.8526,0.8433,0.8835,46.83
0.95,0.8369,0.9225,56.38
0.759,0.6346,0.7133,44.91
0.3035,0.2097,0.2028,21.18
0.609,0.4739,0.4498,32.03
0.447,0.2851,0.5054,32.2
0.8638,0.7183,0.8267,50.57
0.77,0.627,0.7548,44.69
0.6922,0.5636,0.6546,34.44
0.5609,0.367,0.5841,23.05
0.5352,0.4925,0.5074,37.98
0.3475,0.3811,0.3774,29.57
0.3442,0.3084,0.3389,19.56
0.2688,0.2368,0.2548,17.54
0.4694,0.3471,0.4354,24.98
0.8551,0.7483,0.7416,53.08
0.95,0.8541,0.95,58.28
0.4241,0.3886,0.3635,25.81
0.5374,0.4489,0.5103,37.19
0.7438,0.4624,0.6287,27.57
0.65,0.5576,0.6434,40.54
0.6817,0.5561,0.6618,36.69
0.3486,0.273,0.3178,19.71
0.7655,0.6241,0.7266,40.88
0.8779,0.7012,0.8491,54.58
0.95,0.9251,0.95,52.04
0.417,0.3656,0.346,25.43
0.5658,0.5207,0.5435,36.91
0.6327,0.5254,0.6133,45.1
0.9335,0.7563,0.8709,47.22
0.1749,0.1914,0.1813,20.82
0.4382,0.3317,0.4581,32.43
0.353,0.2768,0.3674,27.5
0.881,0.7003,0.8001,48.81
0.1521,0.1165,0.1572,13.1
0.5686,0.6103,0.4611,34.01
0.4438,0.4334,0.3663,24.6
0.5847,0.4833,0.6215,32.37
0.7746,0.6409,0.7371,48.41
0.3513,0.1707,0.2881,26.31
0.5639,0.4625,0.4644,31.06
0.8926,0.7611,0.8174,39.54
0.5709,0.4504,0.514,25.16
0.697,0.6189,0.742,46.09
0.3841,0.3739,0.399,24.87
0.6349,0.4845,0.5787,39.69
0.1841,0.1767,0.2083,16.07
0.4808,0.3957,0.4417,32.05
0.5196,0.3625,0.4293,25.34
0.2555,0.3201,0.2008,24.31
0.4052,0.3254,0.3772,28.93
0.3655,0.4456,0.199,30.87
0.5016,0.4259,0.4271,27.93
0.6012,0.5522,0.5428,35.84
0.4518,0.3837,0.4419,25.36
0.3092,0.2504,0.2933,25.46
0.3146,0.3005,0.302,21.16
0.5814,0.4879,0.5202,29.47
0.5623,0.4744,0.5249,37.64
0.1767,0.1934,0.1464,16.27
0.2904,0.4033,0.3601,28.95
0.4088,0.4939,0.3775,26.1
0.6048,0.5632,0.5437,33.26
0.5645,0.5501,0.433,32.47
0.7588,0.5584,0.7323,43.94
0.1,0.1,0.1,8.1
0.4625,0.4046,0.4362,30.42
0.6241,0.524,0.5621,33.21
0.4538,0.3854,0.4365,30.06
0.4368,0.3308,0.4361,28.29
0.6787,0.5735,0.6593,39.97
0.4032,0.3539,0.3327,29.87
0.5301,0.4246,0.4886,28.03
0.4161,0.3822,0.2904,23.46
0.2151,0.3311,0.1747,24.16
0.7098,0.6233,0.6695,38.73
0.4233,0.3441,0.3626,21.87
0.2162,0.283,0.3101,22.78
0.851,0.6674,0.7756,47.22
0.7339,0.7013,0.7031,46.92
0.5905,0.3702,0.3544,23.98
0.8255,0.7042,0.7623,51.87
0.8414,0.7595,0.7937,52.64
0.9005,0.773,0.8336,52.9
0.9084,0.8013,0.7475,53.5
0.6004,0.536,0.5851,39.13
0.3885,0.4694,0.4285,32.26
0.6677,0.5527,0.5799,32.75
0.9322,0.7315,0.7659,53.5
0.5467,0.5104,0.5384,37.52
0.8741,0.7838,0.788,42.77
0.729,0.583,0.685,39.07
0.6614,0.5624,0.6232,34.0
0.4552,0.3766,0.3859,33.26
0.5255,0.3993,0.4176,27.67
0.5522,0.4757,0.5084,35.47
0.95,0.8588,0.8256,58.57
0.6443,0.5506,0.4644,34.8
0.3808,0.3569,0.3666,23.46
0.7941,0.6658,0.72,36.5
0.7328,0.6253,0.6971,43.87
0.4086,0.3531,0.3857,31.99
0.7504,0.7299,0.681,37.51
0.4939,0.3402,0.4886,26.29
0.511,0.4389,0.5059,33.92
0.8288,0.7459,0.7685,40.75
0.9421,0.6726,0.7557,49.35
0.6379,0.5212,0.6615,44.44
0.9272,0.767,0.7656,44.05
0.6869,0.5386,0.6405,32.54
0.95,0.8087,0.7869,49.31
0.7376,0.6714,0.6002,38.03
0.5446,0.5128,0.5177,37.06
0.7784,0.55,0.6271,31.11
0.5268,0.4736,0.487,35.06
0.1,0.1,0.1,10.86
0.5842,0.4861,0.5269,36.42
0.95,0.916,0.95,60.0
0.95,0.8731,0.9322,49.16
0.4397,0.3954,0.3997,24.23
0.5789,0.4495,0.5327,37.1
0.7729,0.6456,0.7638,44.78
0.559,0.4643,0.4714,37.89
0.6511,0.5116,0.509,35.58
0.5838,0.4946,0.6408,39.17
0.5686,0.5205,0.535,38.18
0.3772,0.3061,0.3811,21.63
0.6418,0.4978,0.5565,39.8
0.7887,0.6003,0.7744,46.91
0.9044,0.7196,0.95,52.41
0.95,0.855,0.943,53.77
0.8186,0.7055,0.7481,39.19
0.6128,0.4835,0.518,32.88
0.95,0.95,0.95,56.12
0.4244,0.4017,0.4066,24.82
0.95,0.8228,0.8057,55.03
0.3532,0.3599,0.348,27.06
0.7666,0.5009,0.7542,41.35
0.5277,0.4911,0.4834,29.8
0.646,0.5455,0.4883,40.09
0.1,0.1,0.1,14.53
0.1603,0.1,0.1,8.75
0.7079,0.4774,0.5895,29.93
0.7445,0.6886,0.6775,39.97
0.649,0.5153,0.6039,33.52
0.95,0.7427,0.8331,54.24
0.7841,0.6662,0.7352,42.8
0.95,0.7097,0.8551,52.88
0.3512,0.2976,0.3709,27.68
0.278,0.1,0.2548,22.23
0.3829,0.3103,0.3679,21.75
0.7397,0.61,0.6437,32.91
0.6062,0.4242,0.6089,40.88
0.7535,0.6741,0.7368,48.83
0.7078,0.6247,0.6767,46.61
0.6414,0.5026,0.5584,30.71
0.2895,0.1937,0.295,18.52
0.6742,0.5522,0.6122,37.94
0.311,0.199,0.2277,19.48
0.4432,0.3516,0.4238,30.28
0.4629,0.3955,0.3834,24.61
0.4765,0.3622,0.4362,25.4
0.8161,0.7505,0.7342,42.8
0.2336,0.37,0.1773,25.5
0.3473,0.3887,0.281,29.39
0.6091,0.5404,0.5515,42.14
0.4458,0.4225,0.4363,32.04
0.5074,0.4226,0.4858,28.52
0.5166,0.4095,0.4809,32.52
0.5402,0.5656,0.4752,33.65
0.3964,0.3161,0.2114,18.98
0.4659,0.5044,0.4535,33.06
0.4331,0.3086,0.4198,29.75
0.8399,0.6092,0.7394,38.5
0.95,0.95,0.8863,60.0
0.6932,0.574,0.6695,40.94
0.7821,0.6764,0.7734,41.77
0.45,0.382,0.4203,30.4
0.9107,0.6948,0.7489,50.56
0.6427,0.5065,0.6011,38.77
0.4628,0.4404,0.4244,32.49
0.4997,0.7092,0.4613,37.88
0.7537,0.6978,0.7227,43.71
0.626,0.4943,0.4602,33.56
0.4071,0.2976,0.3997,22.9
0.2269,0.2025,0.2431,16.11
0.95,0.9118,0.8814,60.0
0.5104,0.4318,0.5055,32.88
0.95,0.89,0.95,50.81
0.3711,0.3268,0.3825,23.14
0.4966,0.4218,0.4919,28.2
0.7974,0.6529,0.7159,42.57
0.7974,0.5323,0.7375,34.89
0.4371,0.2624,0.3668,31.24
0.6967,0.6895,0.5595,29.85
0.5088,0.33,0.4223,33.86
0.9266,0.7289,0.8246,55.83
0.8169,0.732,0.7772,50.87
0.9145,0.7635,0.8976,48.26
0.883,0.7936,0.7287,49.38
0.3591,0.2961,0.3656,27.68
0.7918,0.6669,0.713,46.15
0.313,0.2576,0.3354,20.38
0.62,0.5919,0.5796,34.25
0.2762,0.2665,0.273,25.55
0.287,0.3453,0.3765,26.82
0.392,0.304,0.3565,21.04
0.7098,0.614,0.634,44.73
0.4818,0.5232,0.5125,35.12
0.7283,0.5026,0.5862,32.49
0.5138,0.5468,0.4671,33.36
0.3162,0.238,0.3117,23.02
0.617,0.5385,0.4924,33.95
0.2713,0.2535,0.2691,16.45
0.7935,0.7088,0.7306,45.77
0.7597,0.6192,0.6284,42.05
0.8694,0.7496,0.6857,48.7
0.5277,0.4745,0.4983,35.39
0.5043,0.4137,0.453,30.31
0.2269,0.3861,0.2524,26.77
0.524,0.4188,0.4747,33.98
0.6537,0.5313,0.5937,28.8
0.2435,0.2202,0.1941,22.72
0.8004,0.6489,0.7896,44.71
0.5603,0.4608,0.5956,38.29
0.2266,0.2189,0.1088,15.74
0.4727,0.3811,0.3945,31.22
0.6758,0.6275,0.6069,36.68
0.6351,0.5001,0.5911,37.85
0.883,0.7908,0.8877,53.73
0.3119,0.3411,0.2136,27.47
0.3724,0.3542,0.3421,23.64
0.7303,0.562,0.5707,39.01
0.8343,0.5902,0.7529,46.89
0.9199,0.8493,0.8034,50.87
0.6186,0.4705,0.5657,37.94
0.8508,0.7343,0.8799,56.04
0.6357,0.485,0.5407,37.83
0.778,0.6293,0.7541,43.02
0.95,0.7343,0.8929,56.29
0.4769,0.4042,0.4699,25.5
0.4157,0.4536,0.3831,33.44
0.9118,0.748,0.8115,44.1
0.95,0.834,0.9267,48.88
0.6933,0.6102,0.6365,42.65
0.7006,0.6317,0.7904,47.5
0.623,0.5467,0.6293,33.44
0.9318,0.8076,0.9285,45.71
0.6028,0.5129,0.6116,30.82
0.8143,0.683,0.7628,47.08
0.7227,0.6394,0.7613,41.27
0.7492,0.6384,0.7166,37.78
0.6848,0.584,0.6617,42.2
0.6778,0.5311,0.4981,30.56
0.1805,0.3069,0.194,22.14
0.7025,0.644,0.6538,36.63
0.9241,0.7897,0.8696,43.25
0.4269,0.2727,0.3237,20.48
0.7652,0.6881,0.6357,36.11
0.5213,0.4295,0.5227,29.09
0.95,0.8919,0.95,51.03
0.5464,0.4635,0.5193,35.58
0.8827,0.7984,0.8294,53.87
0.6759,0.6086,0.6783,38.04
0.3955,0.2619,0.3849,21.13
0.7649,0.6447,0.7217,42.66
0.7772,0.6569,0.7284,44.97
0.5932,0.4942,0.6337,37.02
0.95,0.7949,0.8911,53.35
0.1636,0.1447,0.1896,14.52
0.4689,0.3305,0.4503,25.58
0.6225,0.5387,0.6035,39.7
0.49,0.4665,0.4794,30.89
0.4648,0.3645,0.4266,23.44
0.6413,0.5107,0.5699,39.26
0.7248,0.5779,0.6929,35.96
0.1,0.1,0.1,9.67
0.3123,0.2704,0.3056,21.19
0.3959,0.206,0.2713,18.34
0.8798,0.6948,0.8296,46.98
0.3893,0.2851,0.3447,21.91
0.8156,0.6742,0.7725,48.23
0.6341,0.5673,0.7046,36.53
0.3104,0.2217,0.1423,15.05
0.3872,0.312,0.2948,20.08
0.4148,0.3095,0.3958,30.47
0.6232,0.5199,0.5927,38.35
0.5775,0.5237,0.5831,32.16
0.3032,0.2193,0.2824,16.86
0.6556,0.5942,0.5674,33.45
0.4316,0.4333,0.3305,22.8
0.5581,0.4525,0.5284,37.74
0.6457,0.5079,0.6384,41.52
0.715,0.5344,0.759,39.09
0.6475,0.5574,0.629,41.33
0.95,0.95,0.95,50.02
0.4507,0.4431,0.4743,32.99
0.902,0.7158,0.841,47.34
0.233,0.1535,0.2346,15.06
0.6797,0.5946,0.7071,31.65
0.4611,0.4543,0.4434,32.18
0.95,0.8197,0.7312,53.99
0.458,0.3715,0.4278,32.69
0.3415,0.2912,0.3035,21.22
0.7916,0.6838,0.7242,38.79
0.4843,0.4086,0.4616,32.7
0.8613,0.7866,0.824,47.55
0.8601,0.7005,0.8101,44.05
0.6469,0.5898,0.6286,42.87
0.95,0.7723,0.9008,53.43
0.7616,0.6835,0.7351,38.25
0.8679,0.701,0.8064,44.94
0.8721,0.7722,0.7114,54.57
0.6862,0.5541,0.6841,40.22
0.8086,0.6792,0.7777,46.62
0.7086,0.6426,0.7142,45.58
0.8416,0.807,0.7212,53.48
0.57,0.497,0.5061,35.61
0.8898,0.6903,0.9218,53.4
0.776,0.6287,0.5726,35.91
0.4133,0.4744,0.3363,31.18
0.8215,0.7042,0.8004,54.62
0.2209,0.1795,0.2352,20.27
0.6502,0.4843,0.6819,29.77
0.7263,0.6,0.6898,42.58
0.6749,0.5758,0.6552,42.43
0.5824,0.4296,0.4381,28.8
0.4262,0.4991,0.2827,33.57
0.4382,0.3663,0.3913,28.69
0.3182,0.2236,0.2656,24.46
0.5573,0.4814,0.4471,35.06
0.5169,0.4264,0.507,33.9
0.5244,0.4216,0.5034,26.85
0.7315,0.6301,0.7099,44.98
0.4769,0.4181,0.4318,26.53
0.1,0.1,0.1,8.66
0.5769,0.4014,0.4998,36.41
0.4944,0.4638,0.4482,27.44
0.7554,0.6426,0.6892,39.35
0.3542,0.2918,0.3376,20.94
0.5653,0.4905,0.4547,37.58
0.95,0.8757,0.9098,53.72
0.6698,0.4743,0.6162,34.86
0.8721,0.6927,0.8768,47.23
0.5746,0.4911,0.5329,30.34
0.6523,0.5512,0.5531,39.75
0.7815,0.6705,0.7406,47.34
0.6704,0.6108,0.6626,36.18
0.4871,0.4729,0.4895,29.41
0.202,0.1303,0.2161,14.56
0.5495,0.4253,0.5808,27.69
0.4225,0.3836,0.3245,22.98
0.7119,0.5654,0.6723,41.41
0.8076,0.5747,0.7003,44.17
0.5514,0.4648,0.537,35.02
0.6353,0.4916,0.5274,31.15
0.3105,0.3023,0.2852,21.26
0.8003,0.5759,0.6496,44.74
0.5256,0.4414,0.4708,27.08
0.4624,0.3734,0.3739,23.63
0.95,0.8225,0.9348,58.0
0.3087,0.2515,0.3181,19.78
0.2969,0.2504,0.2775,19.32
0.422,0.3558,0.4016,23.16
0.7452,0.7954,0.5454,52.06
0.1811,0.1423,0.161,14.05
0.378,0.36,0.3641,28.43
0.6838,0.569,0.643,40.99
0.5963,0.4727,0.5819,33.08
0.5145,0.4107,0.4377,35.2
0.703,0.616,0.6766,36.39
0.2514,0.4224,0.1753,26.52
0.5897,0.5194,0.5365,39.15
0.8349,0.7178,0.828,49.93
0.9016,0.6639,0.9126,53.72
0.5335,0.3263,0.4563,33.62
0.645,0.4799,0.5723,40.84
0.6696,0.6,0.6698,41.82
0.1,0.1732,0.1042,15.62
0.6103,0.5954,0.5938,35.68
0.6944,0.5327,0.6233,40.34
0.5467,0.3537,0.4494,27.04
0.4,0.298,0.2993,27.9
0.539,0.4115,0.5382,27.69
0.7556,0.6241,0.7065,38.51
0.8997,0.7639,0.9456,58.8
0.5707,0.5004,0.5114,35.83
0.6475,0.4702,0.5174,24.45
0.1532,0.1492,0.1282,13.61
0.6075,0.4849,0.5854,41.38
0.2891,0.2891,0.3068,20.88
0.4381,0.3674,0.328,24.14
0.6596,0.584,0.6348,34.86
0.271,0.1331,0.1,10.37
0.4683,0.3845,0.4563,31.59
0.6285,0.5658,0.6519,37.04
0.8987,0.7456,0.8605,45.42
0.8136,0.693,0.7909,41.98
0.7651,0.7975,0.5858,45.59
0.8549,0.7473,0.7433,51.58
0.3424,0.2459,0.307,22.45
0.3321,0.212,0.1463,14.98
0.8013,0.7197,0.6855,43.58
0.95,0.95,0.95,60.0
0.4734,0.4932,0.4051,30.55
0.4931,0.4437,0.406,29.12
0.4778,0.3833,0.4298,32.69
0.8236,0.6943,0.7609,47.39
0.3946,0.5532,0.3189,31.89
0.95,0.8304,0.95,50.05
0.8403,0.6945,0.6934,46.58
0.95,0.8161,0.9181,57.45
0.6202,0.5362,0.5717,40.81
0.8853,0.8003,0.74,39.81
0.95,0.9465,0.7915,56.98
0.7001,0.6191,0.7042,43.36
0.9245,0.7566,0.9107,46.81
0.3922,0.3888,0.2453,26.76
0.6457,0.527,0.6012,30.26
0.3566,0.3913,0.3037,29.9
0.2608,0.1596,0.221,15.28
0.5703,0.486,0.588,38.0
0.6166,0.4948,0.6142,38.38
0.95,0.8773,0.9106,58.33
0.268,0.2703,0.3245,24.86
0.8092,0.7379,0.7113,47.57
0.9305,0.8326,0.8869,48.74
0.6698,0.5089,0.6409,34.79
0.5224,0.4475,0.3855,35.34
0.95,0.8719,0.95,53.08
0.5139,0.3908,0.4418,34.41
0.95,0.8139,0.9313,52.68
0.95,0.8447,0.7692,51.35
0.7885,0.6194,0.8217,45.27
0.5304,0.3378,0.5398,26.7
0.3463,0.2481,0.2884,19.64
0.7811,0.5576,0.6417,36.37
0.3893,0.4997,0.3471,32.0
0.7681,0.6906,0.7833,49.01
0.7616,0.6685,0.7017,42.12
0.5837,0.4492,0.5788,28.07
0.8187,0.7098,0.8049,44.05
0.7362,0.6344,0.6697,44.09
0.759,0.6619,0.7021,40.34
0.3811,0.2821,0.3429,22.93
0.6062,0.536,0.5836,37.31
0.3487,0.2287,0.3256,25.09
0.2284,0.1739,0.1793,15.27
0.1917,0.168,0.217,21.94
0.4985,0.3415,0.4529,24.4
0.6582,0.592,0.5287,39.0
0.5268,0.4594,0.4795,30.36
0.5858,0.4792,0.5352,36.45
0.3193,0.4081,0.2134,28.22
0.5399,0.4679,0.3602,29.22
0.95,0.7445,0.95,56.08
0.2917,0.2982,0.2933,20.36
0.8133,0.6769,0.8017,45.51
0.6814,0.6252,0.5913,39.27
0.6265,0.5539,0.6129,30.42
0.6238,0.5505,0.6102,39.76
0.95,0.8713,0.9409,58.03
0.5124,0.4348,0.4856,29.81
0.3321,0.309,0.3191,21.41
0.8263,0.5848,0.6832,45.92
0.7997,0.787,0.7656,52.62
0.7113,0.6514,0.6735,39.16
0.5332,0.4307,0.4765,35.27
0.95,0.8305,0.95,53.67
0.6405,0.5172,0.6415,40.29
0.3237,0.3877,0.3215,28.91
0.4399,0.4766,0.4449,32.51
0.3903,0.3359,0.3526,23.1
0.5169,0.2592,0.5152,35.09
0.6989,0.5834,0.6611,34.99
0.6952,0.5661,0.6929,41.68
0.4084,0.3733,0.4086,29.71
0.95,0.8713,0.95,52.93
0.2703,0.1425,0.2277,14.76
0.5778,0.4564,0.4951,30.83
0.5437,0.5784,0.4157,30.88
0.8399,0.7055,0.8246,43.85
0.6557,0.6104,0.5915,44.77
0.8147,0.6717,0.7544,46.28
0.3325,0.2576,0.3084,19.08
0.95,0.7955,0.95,51.59
0.568,0.4019,0.5392,34.18
0.3492,0.2507,0.408,27.72
0.8401,0.7421,0.8398,45.72
0.95,0.8436,0.8787,58.52
0.4736,0.5492,0.4176,35.97
0.2855,0.3035,0.3864,26.55
0.7277,0.5301,0.6677,34.95
0.95,0.7478,0.8605,54.09
0.2517,0.2907,0.2703,19.28
0.4917,0.4246,0.4549,26.42
0.7711,0.7258,0.661,43.47
0.4042,0.3058,0.4508,30.29
0.7399,0.5595,0.6989,36.95
0.8072,0.7353,0.7893,48.24
0.5088,0.4014,0.4557,28.19
0.3103,0.2785,0.285,20.32
0.195,0.1729,0.1418,15.61
0.8653,0.7882,0.7582,46.81
0.4692,0.3778,0.4394,33.88
0.458,0.456,0.4357,33.37
0.95,0.7842,0.8999,48.52
0.9179,0.7529,0.8461,50.75
0.7037,0.6005,0.6313,40.71
0.9451,0.827,0.9139,53.57
0.5545,0.4963,0.4725,29.67
0.5859,0.4447,0.5499,36.11
0.95,0.7677,0.9255,50.3
0.781,0.6772,0.7967,47.67
0.7865,0.6588,0.7471,37.66
0.26,0.2075,0.2567,21.37
0.2509,0.2023,0.2621,17.17
0.1,0.1,0.1,8.41
0.95,0.95,0.95,59.52
0.3815,0.2914,0.3963,20.82
0.6232,0.4783,0.535,33.38
0.7648,0.6718,0.7585,46.0
0.732,0.5695,0.7262,42.72
0.295,0.1444,0.2023,23.45
0.1,0.1,0.1,10.03
0.5539,0.4225,0.4817,27.62
0.1,0.1,0.1,5.0
0.5166,0.4132,0.4968,32.01
0.95,0.8359,0.9488,54.08
0.3807,0.3088,0.2929,19.68
0.4834,0.3915,0.3527,24.73
0.7682,0.6891,0.6329,42.07
0.7838,0.7284,0.7476,41.84
0.6005,0.4277,0.5425,41.23
0.95,0.7122,0.7719,50.57
0.3506,0.2649,0.297,20.01
0.7317,0.5616,0.7188,36.77
0.6984,0.569,0.7162,46.1
0.6967,0.6565,0.5945,37.32
0.6258,0.5542,0.5574,25.79
0.4269,0.3671,0.4153,29.28
0.5379,0.4796,0.5175,29.0
0.2288,0.1705,0.2586,16.96
0.8504,0.6814,0.7973,45.69
0.2911,0.2649,0.2726,19.78
0.7327,0.5613,0.621,32.38
0.95,0.817,0.8385,50.9
0.6051,0.5435,0.5729,39.94
0.3944,0.3711,0.3993,23.44
0.4539,0.4118,0.4549,32.94
0.3363,0.288,0.3303,21.42
0.95,0.95,0.95,60.0
0.6882,0.5062,0.7521,44.31
0.5204,0.4126,0.5239,30.9
0.4727,0.3352,0.4121,26.6
0.2003,0.1563,0.1913,18.93
0.95,0.8574,0.95,60.0
0.9409,0.7752,0.8984,48.45
0.95,0.8603,0.95,58.32
0.5945,0.4307,0.5644,37.03
0.9088,0.8022,0.8862,49.78
0.8589,0.6984,0.684,47.67
0.4254,0.4347,0.3666,26.67
0.7221,0.6841,0.6632,39.7
0.1383,0.1,0.1398,11.89
0.3244,0.2277,0.2943,18.49
0.7927,0.6938,0.7499,45.03
0.6806,0.6058,0.6477,36.29
0.5646,0.3422,0.4168,23.18
0.4795,0.4163,0.4523,34.05
0.3865,0.2416,0.3564,20.8
0.8822,0.7409,0.8087,43.68
0.95,0.8807,0.95,56.74
0.5802,0.541,0.5585,38.8
0.95,0.95,0.95,56.07
0.1312,0.1286,0.1,13.46
0.4993,0.4362,0.4064,38.09
0.95,0.7998,0.9092,46.87
0.5393,0.3901,0.5156,34.89
0.7668,0.6245,0.7131,43.92
0.3838,0.3096,0.363,27.54
0.6183,0.5323,0.571,32.98
0.1203,0.1137,0.1,13.79
0.6846,0.5699,0.649,40.79
0.2805,0.2938,0.2559,20.58
0.5474,0.3537,0.4007,23.92
0.5485,0.474,0.5365,35.89
0.9366,0.8175,0.8631,52.61
0.5844,0.4527,0.5502,39.96
0.2779,0.2555,0.2779,18.03
0.328,0.1898,0.3658,26.36
0.3562,0.5072,0.3297,31.79
0.8172,0.6744,0.7844,43.89
0.384,0.3491,0.3775,26.39
0.7116,0.6697,0.547,41.87
0.8472,0.6768,0.9169,46.13
0.3753,0.2722,0.3417,19.03
0.95,0.9299,0.95,51.05
0.336,0.4407,0.394,32.2
0.7618,0.6152,0.7426,45.72
0.2695,0.2322,0.2401,18.15
0.8668,0.7511,0.7718,51.09
0.4576,0.4552,0.4642,34.69
0.95,0.95,0.95,59.72
0.95,0.7855,0.8261,54.4
0.95,0.95,0.95,57.52
0.8731,0.827,0.603,52.09
0.6672,0.5294,0.6274,37.07
0.611,0.5385,0.585,37.73
0.7773,0.5542,0.6523,31.08
0.6287,0.5504,0.6611,35.41
0.6496,0.5577,0.6363,39.13
0.1865,0.216,0.1932,17.33
0.5929,0.5559,0.4596,37.3
0.5041,0.4084,0.4546,27.22
0.4377,0.3042,0.3879,23.25
0.7179,0.6734,0.573,42.05
0.2309,0.1341,0.2377,15.79
0.6538,0.5427,0.6174,40.15
0.9469,0.8429,0.8917,50.33
0.3432,0.3036,0.2751,27.12
0.95,0.8568,0.95,57.19
0.1126,0.1,0.1596,16.86
0.4738,0.3299,0.3994,23.42
0.3619,0.3673,0.3162,29.17
0.95,0.7797,0.7459,48.18
0.3571,0.3679,0.1901,28.6
0.3564,0.2948,0.3464,22.62
0.2318,0.1959,0.2422,16.9
0.4865,0.3869,0.3646,23.81
0.8995,0.8346,0.8453,53.84
0.1,0.1,0.1,6.01
0.9012,0.4928,0.9025,45.79
0.1652,0.1464,0.1575,15.71
0.5746,0.4607,0.6,36.04
0.6284,0.7164,0.5137,39.37
0.7101,0.5937,0.6709,45.96
0.6485,0.5978,0.5517,33.54
0.7749,0.6381,0.5896,45.87
0.3924,0.306,0.3734,21.49
0.3944,0.3173,0.2832,28.99
0.5129,0.26,0.4551,34.31
0.3448,0.3053,0.3609,25.0
0.7149,0.5987,0.6566,36.24
0.5368,0.3915,0.5934,30.73
0.8039,0.6491,0.7651,46.3
0.8254,0.6638,0.7084,36.78
0.6224,0.7366,0.6568,43.16
0.457,0.3969,0.4211,31.33
0.6286,0.4455,0.4486,25.48
0.5315,0.4262,0.3808,24.8
0.3053,0.2904,0.2876,21.13
0.4552,0.3956,0.3242,32.67
0.5817,0.4202,0.5443,37.87
0.6764,0.5966,0.6438,42.12
0.95,0.8207,0.9325,52.2
0.2094,0.1554,0.1994,13.82
0.6105,0.4499,0.5312,27.68
0.8537,0.6409,0.6525,34.28
0.8158,0.7363,0.7212,43.97
0.7364,0.5875,0.8024,41.26
0.9025,0.7743,0.8634,42.36
0.4328,0.3476,0.432,24.39
0.7753,0.6275,0.7433,43.65
0.5918,0.5201,0.5492,30.14
0.7038,0.5987,0.6591,40.74
0.6095,0.5343,0.5228,37.13
0.1,0.1,0.1,8.87
0.3348,0.2824,0.3325,21.03
0.7155,0.5585,0.7613,36.23
0.582,0.5176,0.5926,36.0
0.7197,0.6458,0.6752,43.76
0.95,0.95,0.95,60.0
0.3783,0.3507,0.3834,22.15
0.1,0.1,0.1386,15.4
0.5704,0.4509,0.5989,31.61
0.95,0.8671,0.7534,44.14
0.6173,0.5456,0.566,32.16
0.4703,0.4417,0.4289,32.17
0.8605,0.7879,0.7982,45.5
0.8849,0.7239,0.8617,44.89
0.3336,0.2223,0.3229,19.56
0.3757,0.3294,0.3457,21.68
0.6209,0.6214,0.6551,30.6
0.7615,0.6267,0.7111,39.51
0.2793,0.3014,0.1915,24.59
0.3491,0.3401,0.4031,29.91
0.95,0.9389,0.8508,58.25
0.7491,0.6608,0.5784,48.67
0.4141,0.3714,0.2928,22.03
0.8335,0.6268,0.6869,46.84
0.617,0.4833,0.606,37.34
0.5872,0.5994,0.4612,32.51
0.6311,0.5591,0.5368,32.15
0.7053,0.6133,0.6475,38.27
0.5251,0.448,0.5142,35.99
0.95,0.8712,0.9148,55.58
0.3438,0.3033,0.2663,21.23
0.7794,0.6354,0.7396,45.67
0.5186,0.3903,0.3591,33.81
0.5284,0.4251,0.4494,35.76
0.866,0.7588,0.8065,46.45
0.9077,0.7735,0.8542,47.87
0.8464,0.6828,0.8405,52.62
0.4659,0.3833,0.3955,32.98
0.3087,0.2919,0.3116,25.4
0.3134,0.2622,0.2885,24.25
0.9373,0.7617,0.9017,50.08
0.159,0.1375,0.1375,14.58
0.8107,0.6821,0.7446,45.78
0.3997,0.3655,0.3489,29.58
0.5784,0.5075,0.5388,39.27
0.2417,0.2719,0.1726,23.03
0.6688,0.5987,0.6675,43.44
0.95,0.8204,0.9242,56.78
0.8468,0.9205,0.7211,50.83
0.6798,0.5543,0.6189,40.52
0.4236,0.354,0.4183,31.75
0.5774,0.5208,0.6241,39.87
0.3565,0.2764,0.3167,18.99
0.929,0.6633,0.8684,38.97
0.8586,0.7209,0.6941,48.45
0.95,0.8691,0.8648,56.97
0.5332,0.6065,0.6327,39.18
0.6679,0.5908,0.656,46.59
0.7878,0.6147,0.7331,50.24
0.8197,0.6771,0.7461,43.03
0.8634,0.5435,0.7935,51.33
0.4916,0.4833,0.4422,24.52
0.8013,0.6816,0.8055,43.54
0.6149,0.4143,0.6428,32.03
0.5298,0.4289,0.5063,33.95
0.3973,0.2683,0.2753,31.24
0.7537,0.6985,0.6941,47.12
0.4527,0.4302,0.4656,27.74
0.4302,0.3728,0.3945,28.64
0.7203,0.6295,0.6992,37.39
0.6309,0.4799,0.5749,37.84
0.9283,0.694,0.8501,55.09
0.2054,0.3421,0.2025,25.01
0.2561,0.2708,0.2157,25.64
0.4717,0.424,0.4694,32.28
0.8042,0.6879,0.7438,49.48
0.7615,0.6185,0.7528,48.13
0.1,0.1,0.1,9.55
0.1,0.1,0.1,12.82
0.4753,0.4158,0.4908,33.74
0.9396,0.8134,0.9386,59.64
0.7809,0.6215,0.7618,39.85
0.3502,0.4988,0.1589,30.1
0.3949,0.3011,0.3829,23.45
0.3447,0.2635,0.3487,24.99
0.5491,0.43,0.4858,27.81
0.803,0.7048,0.7332,46.52
0.9115,0.8351,0.8779,43.89
0.95,0.9289,0.95,54.16
0.8306,0.6953,0.7828,40.85
0.726,0.5864,0.6328,42.15
0.9292,0.7633,0.8792,54.92
0.8933,0.7923,0.79,50.78
0.95,0.832,0.8755,58.94
0.7349,0.629,0.6792,46.6
0.6801,0.5651,0.6154,43.71
0.7659,0.6455,0.7437,44.2
0.2388,0.2061,0.209,18.95
0.2274,0.2691,0.2069,19.4
0.741,0.6396,0.7059,38.42
0.8224,0.8205,0.6897,41.35
0.6743,0.4935,0.6435,31.29
0.3685,0.3417,0.2896,18.42
0.8543,0.7415,0.8076,48.02
0.3764,0.2554,0.2789,18.72
0.1814,0.1175,0.1502,14.6
0.4682,0.4012,0.4381,25.93
0.5788,0.444,0.507,29.06
0.95,0.7793,0.8775,53.26
0.8756,0.6717,0.8733,44.67
0.2219,0.2577,0.3071,24.82
0.8333,0.7365,0.9048,50.29
0.7968,0.6713,0.7626,46.5
0.2245,0.1623,0.2498,13.97
0.2527,0.3166,0.1388,24.18
0.5815,0.4776,0.539,29.15
0.4653,0.3425,0.459,30.71
0.95,0.7086,0.8788,53.81
0.8436,0.696,0.8222,43.01
0.5136,0.4416,0.4672,33.6
0.3782,0.3349,0.3635,29.87
0.4438,0.3158,0.4202,27.28
0.6007,0.4041,0.5169,31.96
0.9473,0.6373,0.843,51.89
0.2608,0.3243,0.2855,27.14
0.7385,0.5984,0.7172,43.6
0.451,0.4309,0.4225,31.51
0.3064,0.241,0.343,25.26
0.7336,0.6263,0.7066,44.13
0.7208,0.5202,0.6607,39.07
0.3594,0.4554,0.3647,26.62
0.95,0.8059,0.8659,52.71
0.7112,0.6183,0.7531,38.64
0.6449,0.5584,0.614,33.17
0.5789,0.5431,0.4945,28.79
0.2229,0.151,0.2221,17.1
0.3169,0.237,0.3559,21.26
0.2274,0.1,0.1,11.32
0.3542,0.3196,0.3243,21.76
0.3943,0.3651,0.3822,27.21
0.6331,0.6288,0.5416,41.71
0.6484,0.5566,0.6141,38.74
0.8761,0.737,0.7616,53.04
0.4738,0.3798,0.4364,30.85
0.52,0.4015,0.4992,33.77
0.4586,0.3825,0.4169,31.59
0.4693,0.428,0.4194,27.46
0.5274,0.4861,0.4835,33.82
0.9137,0.8344,0.8542,47.29
0.95,0.8529,0.7688,54.21
0.4302,0.4008,0.3834,24.45
0.95,0.95,0.95,60.0
0.95,0.903,0.8287,53.18
0.8609,0.6881,0.8182,43.21
0.7376,0.5839,0.6988,38.71
0.6873,0.62,0.6735,36.52
0.4797,0.4298,0.4272,28.43
0.9218,0.8022,0.8466,47.33
0.3982,0.3876,0.3756,25.6
0.8018,0.7095,0.76,44.76
0.6786,0.549,0.6547,43.24
0.299,0.2723,0.2853,22.47
0.4675,0.3931,0.5382,37.73
0.5934,0.5278,0.6203,39.38
0.95,0.8746,0.95,59.44
0.8692,0.7119,0.7404,38.62
0.4445,0.328,0.4094,21.74
0.5136,0.431,0.4855,32.95
0.2598,0.2224,0.1368,14.19
0.6071,0.5276,0.5859,36.82
0.4529,0.4144,0.5324,23.27
0.798,0.7006,0.7499,38.43
0.7848,0.6293,0.7361,40.37
0.2376,0.1783,0.2205,14.91
0.7219,0.5677,0.5619,32.76
0.5683,0.5127,0.4831,30.4
0.355,0.3119,0.2915,21.41
0.3323,0.2665,0.3754,20.14
0.7531,0.5801,0.7071,40.95
0.3072,0.242,0.2911,18.66
0.203,0.1791,0.1718,14.57
0.5532,0.4302,0.441,27.0
0.902,0.8054,0.8432,45.21
0.95,0.7987,0.8983,48.49
0.4565,0.4695,0.3601,30.24
0.6402,0.581,0.7262,37.99
0.6186,0.5489,0.616,39.47
0.95,0.7942,0.95,59.27
0.6774,0.5075,0.6641,37.81
0.4164,0.4058,0.427,33.45
0.8503,0.6925,0.735,47.98
0.5176,0.3906,0.5045,28.46
0.4248,0.3217,0.369,30.34
0.4212,0.3358,0.4253,29.72
0.4626,0.4099,0.4104,32.5
0.8779,0.7452,0.8475,41.13
0.6406,0.5936,0.5424,40.53
0.5602,0.413,0.53,29.88
0.6401,0.5406,0.5951,43.43
0.4118,0.3635,0.3358,22.2
0.8165,0.7417,0.7206,38.62
0.7806,0.7053,0.7603,43.59
0.3557,0.3004,0.3594,21.6
0.2436,0.1499,0.1886,15.6
0.3576,0.2704,0.3515,21.16
0.8332,0.7215,0.7829,40.51
0.95,0.8445,0.9335,48.51
0.756,0.5816,0.6642,44.37
0.3283,0.3249,0.3218,25.66
0.8106,0.7419,0.7323,40.14
0.4644,0.3527,0.4431,29.94
0.5476,0.4889,0.5007,36.06
0.4531,0.4527,0.3545,31.93
0.3336,0.4372,0.2472,23.69
0.1286,0.1,0.1226,11.91
0.4235,0.3675,0.3622,23.75
0.5005,0.407,0.4568,31.41
0.7394,0.6203,0.6828,45.53
0.803,0.6543,0.7822,44.8
0.3656,0.4239,0.3097,30.21
0.5439,0.4159,0.538,37.68
0.4645,0.3453,0.445,26.78
0.3147,0.247,0.2904,17.86
0.9483,0.6175,0.8155,52.75
0.8264,0.6916,0.6604,40.91
0.8311,0.6857,0.7436,49.34
0.4845,0.436,0.4502,33.6
0.897,0.7352,0.8354,44.74
0.5574,0.4569,0.5461,34.12
0.6534,0.5528,0.6294,40.55
0.4767,0.2012,0.3577,28.92
0.7194,0.5682,0.6744,44.43
0.8957,0.8447,0.7177,46.25
0.5535,0.4256,0.5245,34.89
0.95,0.9388,0.95,60.0
0.2161,0.1682,0.2177,21.54
0.1,0.1,0.2012,15.32
0.635,0.4595,0.6702,32.14
0.95,0.8926,0.8387,55.33
0.503,0.336,0.4298,27.27
0.3063,0.4165,0.3181,29.43
0.7814,0.6129,0.738,39.5
0.1,0.1,0.1,8.64
0.4156,0.357,0.4231,24.07
0.4069,0.4229,0.4127,32.07
0.95,0.8919,0.95,51.78
0.95,0.6429,0.9275,53.04
0.5864,0.5075,0.5706,30.44
0.3958,0.3322,0.3805,28.2
0.5771,0.4206,0.4631,27.16
0.7688,0.6342,0.7375,36.1
0.5254,0.4354,0.4755,28.63
0.5811,0.4961,0.4997,32.97
0.5748,0.4708,0.5416,36.62
0.7415,0.6308,0.7044,39.63
0.95,0.8903,0.95,55.08
0.8465,0.7141,0.9213,46.99
0.5906,0.4853,0.5679,31.23
0.95,0.7525,0.9055,52.39
0.7968,0.7666,0.7798,51.96
0.6778,0.5527,0.6803,34.46
0.6194,0.4794,0.5946,36.45
0.4103,0.3275,0.3181,23.49
0.2629,0.1767,0.2165,24.15
0.4966,0.407,0.4946,31.25
0.5008,0.4083,0.4437,32.71
0.6496,0.5981,0.6221,34.89
0.3255,0.2324,0.2106,17.89
0.8029,0.6699,0.7949,40.7
0.8267,0.6882,0.7394,50.03
0.4219,0.3376,0.4162,23.75
0.5562,0.5232,0.5001,39.59
0.4487,0.3995,0.4704,32.68
0.5795,0.446,0.4541,26.84
0.4295,0.4048,0.3495,31.2
0.4298,0.3579,0.3683,29.41
0.8446,0.6912,0.7877,45.34
0.4704,0.3828,0.4297,25.52
0.3358,0.5339,0.2139,30.12
0.5784,0.4705,0.5803,31.32
0.6752,0.5656,0.586,34.63
0.6911,0.5303,0.6535,40.34
0.388,0.2876,0.3981,20.96
0.4616,0.5653,0.4626,27.98
0.7161,0.6287,0.6743,44.02
0.843,0.7568,0.8178,44.44
0.4964,0.426,0.4536,31.59
0.6188,0.4248,0.6605,38.61
0.6604,0.5666,0.5476,33.0
0.2198,0.2595,0.1583,20.74
0.5043,0.4352,0.4457,33.64
0.2345,0.1,0.2961,12.94
0.5084,0.3626,0.4872,34.18
0.3114,0.2784,0.2755,20.65
0.2948,0.2122,0.2795,18.91
0.7452,0.6267,0.6139,44.18
0.6486,0.5209,0.6366,42.0
0.5303,0.414,0.4576,29.23
0.7107,0.5681,0.6811,40.79
0.8903,0.7663,0.8444,55.69
0.95,0.8932,0.95,57.5
0.8594,0.7359,0.8467,45.72
0.5109,0.3925,0.5098,35.22
0.6644,0.5841,0.6048,39.75
0.5697,0.474,0.52,35.93
0.3245,0.2944,0.202,24.79
0.6238,0.5627,0.4481,35.4
0.7885,0.651,0.7293,45.23
0.95,0.95,0.95,60.0
0.8988,0.77,0.825,44.67
0.4818,0.3892,0.4523,30.93
0.5449,0.3668,0.5077,37.94
0.6638,0.4967,0.5735,31.91
0.2642,0.1877,0.2525,16.11
0.4154,0.3409,0.4491,24.83
0.5213,0.4746,0.5355,35.95
0.673,0.5363,0.6207,33.19
0.3462,0.4304,0.3373,29.73
0.9007,0.7786,0.8401,49.38
0.7794,0.5983,0.6466,44.82
0.7929,0.6424,0.7601,50.47
0.5604,0.4702,0.5477,35.23
0.4488,0.3659,0.4675,26.58
0.3318,0.3657,0.3092,27.2
0.4385,0.3286,0.3819,21.87
0.6498,0.5489,0.5159,44.23
0.699,0.5091,0.5482,40.6
0.3132,0.3047,0.196,25.92
0.95,0.8187,0.8807,48.06
0.6011,0.5185,0.6029,38.44
0.3073,0.2748,0.3242,20.24
0.95,0.8437,0.9337,60.0
0.6592,0.5144,0.6748,41.03
0.8291,0.6825,0.7935,43.44
0.4209,0.3902,0.3686,32.21
0.4914,0.5057,0.3597,36.43
0.7688,0.703,0.7135,48.76
0.95,0.807,0.8188,41.9
0.5096,0.3664,0.447,33.0
0.1,0.1,0.1,7.43
0.1602,0.1,0.1,8.43
0.615,0.5298,0.5839,37.92
0.69,0.577,0.6857,33.23
0.4911,0.4305,0.4433,32.35
0.5288,0.4153,0.4392,27.14
0.5581,0.5539,0.4382,32.65
0.4874,0.4296,0.4383,28.6
0.6397,0.6387,0.5863,35.29
0.1639,0.1572,0.1236,15.62
0.95,0.95,0.95,60.0
0.7754,0.6052,0.7403,41.94
0.4684,0.357,0.3704,23.97
0.9024,0.7883,0.7623,51.41
0.523,0.4395,0.5027,35.63
0.3605,0.3813,0.4421,22.66
0.95,0.7998,0.9481,56.84
0.7444,0.5207,0.6427,45.52
0.7132,0.666,0.6404,45.37
0.276,0.1871,0.2462,15.24
0.95,0.7797,0.9358,42.38
0.1,0.1,0.1,8.02
0.5784,0.5094,0.519,36.26
0.5105,0.3809,0.4708,31.05
0.3546,0.2396,0.3341,19.41
0.7271,0.6151,0.6824,43.01
0.7256,0.5353,0.6634,49.57
0.5615,0.4162,0.5054,28.86
0.7136,0.537,0.6726,46.3
0.7666,0.7182,0.7213,37.64
0.4182,0.3753,0.4587,31.87
0.7178,0.5809,0.6862,32.05
0.8059,0.708,0.7575,39.86
0.2714,0.2499,0.2679,19.18
0.7953,0.6963,0.6954,46.99
0.4481,0.4023,0.4448,31.63
0.7426,0.5464,0.7515,37.98
0.7912,0.6899,0.7709,51.06
0.9335,0.7814,0.8522,48.47
0.7501,0.8018,0.6262,50.35
0.5463,0.3864,0.3867,34.94
0.1585,0.1988,0.1523,18.76
0.7769,0.6581,0.7412,45.55
0.6062,0.5721,0.5596,38.02
0.1128,0.1205,0.1048,13.22
0.8785,0.7473,0.8427,43.02
0.6648,0.5534,0.5805,34.22
0.4078,0.2945,0.3501,22.96
0.6167,0.4498,0.5982,29.27
0.1759,0.1494,0.1621,13.52
0.4152,0.3118,0.3846,24.38
0.3777,0.4308,0.4144,29.89
0.6678,0.5626,0.6652,41.84
0.7332,0.6042,0.6804,43.22
0.95,0.916,0.95,55.82
0.1,0.1,0.1,9.42
0.7458,0.5852,0.6971,44.31
0.8749,0.7387,0.8255,45.6
0.8766,0.7446,0.8284,51.17
0.4929,0.4721,0.5167,36.83
0.793,0.6635,0.5206,36.56
0.3631,0.3946,0.3688,31.04
0.5004,0.4921,0.4499,27.88
0.95,0.8448,0.9451,50.29
0.3157,0.3393,0.3184,28.85
0.95,0.7527,0.8501,53.21
0.95,0.8101,0.95,53.82
0.807,0.6016,0.6429,44.2
0.3967,0.2746,0.3416,23.77
0.4357,0.3587,0.4159,30.26
0.9178,0.5815,0.8001,48.23
0.8572,0.7432,0.8053,44.96
0.5829,0.4661,0.5429,28.06
0.2832,0.2348,0.2583,17.99
0.6978,0.6482,0.6754,42.12
0.7815,0.5301,0.7698,46.27
0.4189,0.4665,0.3466,25.44
0.3684,0.2819,0.3402,20.5
0.801,0.6518,0.725,46.84
0.866,0.712,0.671,53.57
0.4896,0.3997,0.4286,30.97
0.5431,0.6974,0.4936,35.28
0.7582,0.7704,0.6652,51.57
0.95,0.7964,0.9433,58.96
0.942,0.8355,0.8698,52.27
0.5763,0.4701,0.5742,33.02
0.6461,0.5393,0.6016,36.0
0.777,0.6478,0.7562,40.17
0.6335,0.4767,0.5806,30.64
0.2939,0.3115,0.2582,26.38
0.68,0.5839,0.5757,42.46
0.1407,0.1251,0.1768,12.87
0.7035,0.6344,0.6186,42.35
0.4424,0.2864,0.3975,24.18
0.4329,0.3276,0.3595,20.85
0.3266,0.2047,0.3206,16.85
0.5506,0.6117,0.522,31.61
0.1582,0.1778,0.2618,23.11
0.3693,0.325,0.3726,22.38
0.589,0.475,0.6086,29.96
0.1,0.1032,0.1,9.97
0.4166,0.3425,0.3483,22.87
0.803,0.6706,0.7539,48.14
0.3668,0.3561,0.3512,26.97
0.8909,0.723,0.8016,51.69
0.7784,0.6694,0.77,44.0
0.4568,0.2892,0.4064,31.86
0.7992,0.6864,0.6515,40.31
0.3643,0.293,0.3522,27.79
0.7208,0.6428,0.6085,40.04
0.6029,0.5254,0.4278,31.3
0.9225,0.8664,0.7526,45.67
0.6438,0.6642,0.539,38.23
0.2113,0.1361,0.1846,14.57
0.6216,0.5473,0.595,33.02
0.6465,0.4794,0.5787,47.04
0.8903,0.776,0.8191,52.01
0.3591,0.2668,0.2954,19.59
0.6049,0.5154,0.4987,38.32
0.1944,0.1144,0.1531,10.3
0.95,0.7906,0.95,60.0
0.6249,0.4964,0.5498,31.41
0.7311,0.5106,0.7306,37.37
0.5124,0.4495,0.4635,29.27
0.4457,0.3566,0.4263,25.26
0.3862,0.2821,0.2409,28.04
0.2801,0.1975,0.162,15.44
0.544,0.5825,0.5636,31.64
0.95,0.95,0.95,60.0
0.942,0.95,0.678,55.92
0.2803,0.1726,0.1,13.77
0.4322,0.2877,0.357,29.66
0.797,0.696,0.7531,48.6
0.8376,0.7412,0.7841,53.34
0.4187,0.3184,0.4211,23.72
0.7462,0.605,0.7379,43.51
0.4407,0.3494,0.4206,24.42
0.4208,0.3276,0.4886,32.31
0.6388,0.6025,0.6153,42.26
0.4755,0.5079,0.4081,34.77
0.4649,0.3631,0.4771,38.14
0.735,0.6187,0.7068,39.3
0.8434,0.7755,0.7789,43.4
0.3647,0.2433,0.448,21.75
0.3619,0.3289,0.3273,22.02
0.95,0.95,0.95,60.0
0.6047,0.473,0.5959,37.44
0.7928,0.7477,0.7534,42.37
0.943,0.8454,0.95,57.68
0.6729,0.5817,0.6216,31.33
0.95,0.8694,0.95,59.89
0.9466,0.7518,0.7904,52.55
0.5968,0.5235,0.5871,40.56
0.7103,0.5932,0.5656,43.22
0.6609,0.456,0.7002,40.46
0.2718,0.2384,0.1791,17.61
0.6143,0.566,0.6101,36.96
0.3606,0.3015,0.3213,21.73
0.1754,0.1417,0.1929,14.62
0.6129,0.6092,0.572,35.2
0.8824,0.722,0.8257,46.88
0.95,0.7989,0.8415,43.85
0.7078,0.668,0.6656,36.63
0.8124,0.4705,0.6791,33.99
0.5596,0.5615,0.4344,38.19
0.5193,0.2913,0.381,32.9
0.5839,0.6682,0.5045,37.81
0.3445,0.3115,0.3142,18.71
0.2761,0.2283,0.2547,23.71
0.95,0.8969,0.9007,55.81
0.5081,0.4463,0.4727,32.94
0.8831,0.7017,0.7428,48.92
0.95,0.8268,0.9019,55.19
0.835,0.673,0.8001,37.92
0.7474,0.6226,0.7709,47.35
0.1776,0.1498,0.1902,14.84
0.9465,0.7812,0.7391,49.87
0.708,0.5888,0.6671,33.4
0.4437,0.4486,0.4359,33.09
0.95,0.75,0.95,58.5
0.8203,0.7326,0.8084,44.11
0.7288,0.6462,0.6343,37.91
0.6902,0.529,0.7193,35.54
0.7805,0.6415,0.7351,39.12
0.727,0.6329,0.6121,42.32
0.5041,0.4882,0.4627,34.82
0.4356,0.2904,0.355,19.13
0.9111,0.7399,0.872,49.23
0.76,0.6715,0.6226,38.73
0.3344,0.2386,0.3408,24.47
0.6787,0.5584,0.6187,34.35
0.837,0.6757,0.7295,42.78
0.8049,0.7457,0.7608,49.09
0.4496,0.3673,0.4526,30.03
0.5793,0.5049,0.5612,37.57
0.7631,0.6461,0.6987,40.64
0.1714,0.1524,0.1792,14.35
0.3866,0.337,0.3609,24.23
0.8523,0.7403,0.8938,44.72
0.6429,0.4733,0.6134,29.65
0.5102,0.4681,0.5401,35.33
0.6348,0.4505,0.6779,40.24
0.95,0.7875,0.8918,56.24
0.603,0.5298,0.4896,32.26
0.7595,0.5448,0.602,29.18
0.2204,0.3075,0.3198,24.71
0.4576,0.4396,0.3132,23.99
0.3299,0.2686,0.3511,22.07
0.7157,0.5325,0.5977,41.37
0.2892,0.2806,0.2534,19.68
0.4994,0.4457,0.3393,31.79
0.4833,0.3492,0.3915,24.44
0.3557,0.3523,0.3709,24.14
0.5418,0.296,0.5656,24.89
0.8048,0.7195,0.7908,54.25
0.6085,0.5508,0.5617,38.71
0.4765,0.3968,0.5112,27.84
0.8549,0.7026,0.8325,47.38
0.2668,0.2607,0.2449,21.21
0.7764,0.6735,0.7522,45.35
0.6261,0.4792,0.5453,34.42
0.6383,0.609,0.634,40.77
0.95,0.95,0.95,56.4
0.21,0.1793,0.2303,16.19
0.5338,0.4549,0.4417,28.56
0.7321,0.5972,0.7088,43.19
0.3466,0.238,0.3256,20.9
0.6151,0.5296,0.476,30.33
0.8816,0.95,0.8144,56.12
0.8692,0.7367,0.7314,46.41
0.3771,0.3022,0.2942,21.59
0.4401,0.3099,0.4424,30.33
0.306,0.273,0.3636,27.61
0.4071,0.3178,0.3029,22.9
0.5356,0.4583,0.5442,28.04
0.5369,0.5022,0.5435,31.68
0.8705,0.7036,0.812,52.36
0.4195,0.4782,0.3949,32.09
0.4246,0.3877,0.4027,23.85
0.626,0.5276,0.5712,33.22
0.3395,0.3115,0.2993,28.07
0.4178,0.3893,0.3959,30.63
0.3064,0.2801,0.3244,25.05
0.7584,0.477,0.8594,30.0
0.4505,0.3505,0.4219,24.56
0.647,0.5244,0.6331,38.72
0.95,0.8493,0.9105,56.17
0.6073,0.5275,0.5552,38.83
0.7534,0.6642,0.7816,49.27
0.8282,0.8311,0.7759,53.14
0.3304,0.2731,0.196,20.08
0.7384,0.7051,0.6428,44.56
0.95,0.8409,0.9096,49.7
0.7456,0.5639,0.7055,46.49
0.5107,0.5357,0.4118,36.31
0.3578,0.2886,0.3269,22.18
0.5967,0.662,0.4141,39.5
0.4533,0.4289,0.4481,33.2
0.2945,0.2213,0.2777,24.6
0.2572,0.1905,0.1599,23.66
0.1811,0.1434,0.1672,14.32
0.95,0.8237,0.9023,57.28
0.5731,0.5173,0.5451,37.43
0.5223,0.4705,0.5157,33.41
0.6342,0.5831,0.6107,49.34
0.9128,0.8121,0.8657,47.02
0.342,0.2741,0.3408,20.62
0.2161,0.3334,0.1936,24.79
0.95,0.8209,0.95,57.82
0.2551,0.1957,0.2395,16.24
0.1491,0.134,0.151,14.45
0.95,0.8236,0.9145,48.07
0.8746,0.7303,0.8619,40.62
0.1,0.1,0.1,5.0
0.6231,0.5569,0.551,43.18
0.7297,0.6861,0.6703,34.12
0.8782,0.8034,0.7543,54.94
0.4141,0.4501,0.4105,23.48
0.3272,0.2384,0.3138,22.85
0.95,0.805,0.9397,51.68
0.5799,0.4528,0.5224,27.98
0.7213,0.5747,0.678,43.84
0.2334,0.2108,0.2411,16.0
0.461,0.3642,0.4708,26.28
0.7682,0.659,0.7402,39.28
0.5676,0.5283,0.4821,34.21
0.7845,0.6505,0.7674,42.1
0.3032,0.1848,0.2824,16.64
0.95,0.8074,0.928,49.21
0.381,0.3241,0.4107,29.71
0.6156,0.51,0.5992,33.08
0.6112,0.4603,0.6226,40.09
0.7602,0.6507,0.7517,42.3
0.4301,0.2941,0.3281,29.75
0.5703,0.4562,0.5503,32.04
0.4363,0.3281,0.418,27.78
0.4612,0.3838,0.4054,23.59
0.2272,0.2046,0.1919,15.85
0.7827,0.6793,0.7236,44.03
0.2888,0.2764,0.2781,20.97
0.7422,0.6223,0.7351,42.27
0.4299,0.3335,0.3967,22.73
0.3126,0.4826,0.2515,28.26
0.3964,0.3162,0.3434,29.03
0.9182,0.6861,0.8358,47.68
0.5033,0.4568,0.4966,26.89
0.95,0.8833,0.95,56.65
0.9077,0.705,0.7773,49.62
0.3965,0.3548,0.3318,29.85
0.8069,0.5873,0.7772,45.62
0.8052,0.5758,0.7756,48.93
0.224,0.1892,0.2308,18.71
0.68,0.4937,0.6933,44.8
0.8732,0.6731,0.7658,46.72
0.5886,0.4873,0.5897,35.34
0.5637,0.5077,0.4633,29.43
0.95,0.8987,0.95,52.55
0.9095,0.8095,0.6964,50.48
0.665,0.5888,0.6141,36.29
0.4694,0.3734,0.4201,28.72
0.7138,0.6876,0.6205,32.93
0.3977,0.3676,0.3608,23.63
0.95,0.8656,0.95,52.41
0.95,0.6779,0.8245,53.76
0.7151,0.6061,0.6158,42.83
0.3798,0.2873,0.318,27.12
0.1989,0.1836,0.2199,18.99
0.1763,0.1071,0.1,10.39
0.5661,0.4768,0.5457,36.08
0.5507,0.4369,0.566,26.6
0.3729,0.3749,0.3091,20.51
0.3909,0.3856,0.3845,31.28
0.5679,0.4712,0.5041,34.06
0.748,0.7165,0.6778,45.06
0.7693,0.5909,0.7207,49.01
0.6746,0.5718,0.5845,41.55
0.6781,0.524,0.647,43.98
0.4096,0.3743,0.4139,24.67
0.7263,0.5947,0.7299,49.49
0.5589,0.513,0.5207,36.83
0.7778,0.5367,0.804,38.29
0.7611,0.614,0.7236,40.23
0.676,0.5673,0.6505,37.63
0.3446,0.3427,0.211,28.4
0.7423,0.5359,0.7078,40.92
0.8362,0.6629,0.7724,36.95
0.95,0.8801,0.8634,49.81
0.2977,0.3556,0.1991,26.0
0.95,0.889,0.9321,59.0
0.3217,0.131,0.2267,13.78
0.2601,0.2863,0.2227,24.6
0.4852,0.3504,0.3642,19.51
0.95,0.8178,0.9343,52.67
0.5841,0.4477,0.5904,31.23
0.5879,0.5197,0.5732,34.66
0.2603,0.2074,0.2429,17.25
0.95,0.95,0.95,60.0
0.805,0.6484,0.6472,41.48
0.4442,0.4889,0.4149,33.86
0.6885,0.6203,0.624,44.3
0.8918,0.6908,0.8784,49.55
0.8722,0.6942,0.7995,46.34
0.486,0.4412,0.3951,34.32
0.394,0.2834,0.4434,29.85
0.8281,0.6766,0.7187,48.78
0.3337,0.2762,0.2582,20.26
0.5906,0.4992,0.592,38.72
0.1709,0.214,0.1562,18.14
0.8438,0.6979,0.8209,42.07
0.6699,0.6768,0.6506,45.28
0.4861,0.3797,0.4383,27.02
0.5606,0.3943,0.5281,35.3
0.7146,0.6204,0.6983,41.89
0.9487,0.7483,0.95,54.75
0.6299,0.535,0.514,33.79
0.4334,0.3459,0.4037,28.4
0.7691,0.7176,0.7301,44.63
0.4429,0.3727,0.4151,29.98
0.95,0.7328,0.752,47.27
0.7721,0.6573,0.703,37.99
0.4023,0.3681,0.3835,24.68
0.9003,0.643,0.84,48.65
0.95,0.7359,0.7774,47.43
0.4382,0.5175,0.4282,35.25
0.2515,0.2496,0.2643,24.36
0.5816,0.494,0.558,36.87
0.8543,0.7433,0.8273,51.38
0.5203,0.4306,0.4006,28.2
0.3158,0.2439,0.3038,25.25
0.7048,0.6144,0.6674,37.3
0.8759,0.6777,0.8558,52.01
0.95,0.755,0.9237,51.64
0.1,0.1,0.1,5.0
0.7459,0.6357,0.7138,46.13
0.55,0.472,0.5153,33.9
0.1138,0.1,0.1,9.78
0.897,0.7591,0.8773,45.44
0.9303,0.7904,0.9167,54.49
0.1,0.1,0.1,7.4
0.7094,0.6646,0.6692,44.69
0.7008,0.4973,0.4898,31.13
0.4908,0.3316,0.5473,32.41
0.529,0.4061,0.5201,40.44
0.9023,0.7675,0.8535,45.1
0.3856,0.3756,0.3702,24.44
0.6573,0.5735,0.5969,42.53
0.8051,0.6619,0.7064,50.54
0.247,0.1,0.1,11.31
0.5065,0.4499,0.4999,33.41
0.7878,0.7258,0.6821,49.16
0.9218,0.7987,0.919,52.71
0.645,0.5807,0.6667,34.56
0.3317,0.3233,0.3367,27.31
0.339,0.2484,0.3134,19.51
0.6057,0.4552,0.4811,28.99
0.4865,0.5012,0.4405,35.82
0.656,0.5748,0.6146,32.27
0.4804,0.4283,0.5109,25.67
0.8166,0.7221,0.7578,47.98
0.4413,0.3328,0.3114,22.53
0.4716,0.4023,0.4484,26.81
0.5832,0.5132,0.5382,31.79
0.6218,0.5668,0.6206,39.73
0.1984,0.1858,0.1897,15.81
0.5493,0.4579,0.5936,32.02
0.3194,0.2601,0.2702,19.79
0.4837,0.4269,0.4684,32.85
0.8567,0.7788,0.7416,50.14
0.6027,0.6502,0.5673,36.42
0.2162,0.2431,0.1943,20.91
0.2413,0.2939,0.3336,25.27
0.6504,0.5176,0.5383,31.58
0.6635,0.6083,0.6165,31.92
0.6074,0.5376,0.5662,38.63
0.5814,0.5565,0.5608,33.43
0.8517,0.673,0.8437,53.03
0.95,0.9329,0.95,60.0
0.2643,0.2026,0.1778,15.13
0.5147,0.3345,0.4187,21.62
0.7942,0.6903,0.7264,40.59
0.8479,0.7283,0.812,47.67
0.5658,0.4314,0.5084,36.47
0.4379,0.3691,0.3837,29.64
0.6947,0.4499,0.5327,27.67
0.479,0.3822,0.4903,27.51
0.7537,0.6049,0.7664,45.39
0.4448,0.3159,0.4361,25.63
0.3945,0.3893,0.4056,24.44
0.2384,0.2797,0.2991,24.82
0.282,0.1977,0.2081,15.21
0.4561,0.3365,0.4071,24.1
0.4581,0.488,0.4448,34.82
0.6199,0.5188,0.5772,37.64
0.947,0.8014,0.8656,53.71
0.9328,0.7822,0.95,56.8
0.6207,0.5931,0.467,34.04
0.4418,0.3411,0.3556,23.5
0.6021,0.5953,0.5442,30.54
0.4432,0.445,0.4048,32.0
0.9289,0.7392,0.824,51.3
0.4441,0.349,0.3736,30.17
0.4675,0.5535,0.4311,31.89
0.95,0.9127,0.872,59.44
0.3348,0.2884,0.2979,20.54
0.7189,0.7188,0.5771,39.05
0.492,0.3654,0.4371,25.55
0.4457,0.4232,0.405,27.02
0.21,0.187,0.1529,14.96
0.4549,0.3861,0.4321,26.14
0.5641,0.4852,0.508,36.87
0.4519,0.3883,0.4093,30.54
0.7797,0.7289,0.7277,46.97
0.95,0.8415,0.8842,55.44
0.4761,0.3087,0.54,27.57
0.3301,0.2613,0.3977,28.43
0.5659,0.5644,0.5532,36.43
0.7117,0.5558,0.7002,43.38
0.3583,0.2246,0.3877,20.41
0.2632,0.1854,0.2806,17.19
0.9097,0.7614,0.8716,46.93
0.7886,0.5792,0.8008,48.44
0.8139,0.5738,0.6108,47.57
0.5313,0.4804,0.496,33.73
0.705,0.5985,0.6622,43.18
0.5012,0.3413,0.4592,24.63
0.3901,0.3268,0.3464,26.07
0.5846,0.5218,0.5598,36.88
0.9293,0.8049,0.95,57.79
0.95,0.7361,0.95,51.96
0.7179,0.6277,0.6869,33.55
0.4958,0.4045,0.4858,27.14
0.18,0.2318,0.1686,20.82
0.7427,0.6297,0.685,41.66
0.2023,0.1554,0.1842,14.91
0.344,0.311,0.3467,21.32
0.95,0.9022,0.9457,60.0
0.8246,0.6789,0.8037,49.33
0.3612,0.2507,0.3344,19.65
0.3916,0.3798,0.3554,26.4
0.3941,0.2445,0.3091,29.28
0.4652,0.3361,0.4053,24.22
0.1904,0.1448,0.1954,16.48
0.8811,0.6465,0.6547,45.91
0.1,0.1,0.1942,16.44
0.8644,0.7263,0.8398,45.79
0.4234,0.3392,0.5146,29.69
0.4976,0.6176,0.4618,32.98
0.4675,0.3874,0.3426,23.75
0.7201,0.6243,0.5101,42.84
0.2422,0.2116,0.2077,16.13
0.5324,0.4229,0.4403,27.45
0.3722,0.2859,0.3317,22.74
0.5956,0.5394,0.4957,31.83
0.916,0.7086,0.7384,52.44
0.7121,0.4456,0.7447,42.35
0.7146,0.6625,0.5922,39.07
0.6703,0.541,0.6188,34.02
0.6018,0.5539,0.4462,31.05
0.8734,0.7202,0.8439,45.78
0.5302,0.4071,0.5563,31.08
0.6494,0.4822,0.5854,31.82
0.7142,0.6367,0.6606,38.81
0.8836,0.6726,0.814,41.65
0.5287,0.4843,0.4988,34.95
0.8363,0.6777,0.9109,49.76
0.4385,0.3868,0.3891,31.01
0.4076,0.3348,0.366,30.53
0.791,0.8256,0.6914,39.13
0.5997,0.4571,0.5186,35.88
0.1042,0.1,0.1019,17.34
0.9274,0.7568,0.8881,48.06
0.5485,0.5246,0.388,31.1
0.5421,0.4719,0.4854,26.38
0.95,0.789,0.8678,54.08
0.5309,0.3189,0.4945,31.64
0.5416,0.4648,0.5425,35.39
0.2919,0.399,0.2596,28.55
0.4955,0.5877,0.492,36.6
0.3761,0.2743,0.2929,25.81
0.3566,0.2975,0.3473,21.84
0.5633,0.4984,0.5278,30.59
0.6873,0.6185,0.6479,34.87
0.6653,0.5238,0.6861,43.55
0.8586,0.6915,0.8486,48.27
0.5191,0.5269,0.322,31.56
0.7898,0.6911,0.7803,43.02
0.7019,0.6456,0.6434,38.63
0.3337,0.2167,0.2924,18.72
0.4045,0.2219,0.214,17.87
0.6634,0.5564,0.667,44.88
0.7719,0.5467,0.6864,45.85
0.6071,0.5205,0.5722,36.04
0.4869,0.4445,0.3834,34.14
0.4136,0.3734,0.3968,25.02
0.644,0.4791,0.6223,36.71
0.6573,0.5613,0.5935,40.99
0.4238,0.3815,0.3541,24.48
0.424,0.4683,0.3951,32.44
0.8086,0.647,0.7936,49.7
0.4513,0.3601,0.4659,25.95
0.5941,0.4641,0.4843,34.59
0.95,0.9195,0.908,60.0
0.95,0.8048,0.9243,56.92
0.4627,0.2968,0.3909,22.99
0.7542,0.6182,0.6921,37.55
0.1773,0.1299,0.1743,14.21
0.5265,0.4753,0.5323,35.76
0.3665,0.2454,0.2482,18.12
0.3466,0.3185,0.3371,25.9
0.4474,0.29,0.4263,25.02
0.4545,0.4834,0.4053,33.99
0.4076,0.3628,0.3937,24.68
0.2866,0.1466,0.1603,14.66
0.3779,0.2865,0.3532,22.16
0.95,0.8382,0.95,52.14
0.6702,0.7478,0.5507,38.83
0.4823,0.364,0.4874,30.84
0.7847,0.764,0.6576,42.1
0.95,0.8221,0.9039,47.97
0.4278,0.5018,0.4632,34.22
0.3224,0.1567,0.3205,16.02
0.2247,0.1974,0.2068,16.73
0.6392,0.4682,0.6181,34.41
0.95,0.8857,0.95,52.93
0.8117,0.6632,0.7902,47.19
0.4659,0.356,0.4662,26.4
0.7477,0.5481,0.6625,36.0
0.8309,0.6922,0.803,38.34
0.2417,0.1505,0.1024,14.12
0.4806,0.3764,0.4259,30.36
0.4374,0.345,0.4843,25.07
0.8405,0.6392,0.7959,47.71
0.826,0.7158,0.7607,44.84
0.3486,0.2934,0.2999,19.82
0.4371,0.4265,0.4185,30.43
0.8598,0.7976,0.669,49.72
0.3131,0.2666,0.2932,19.46
0.3512,0.2993,0.3168,21.11
0.9231,0.9277,0.8293,51.33
0.8572,0.6963,0.8616,43.98
0.95,0.7958,0.837,54.87
0.7585,0.6506,0.6814,42.11
0.8026,0.6506,0.678,51.37
0.8171,0.565,0.5607,36.71
0.5821,0.5137,0.5826,36.72
0.6385,0.5527,0.6279,38.37
0.4314,0.3976,0.3874,28.33
0.8729,0.7637,0.8435,46.01
0.95,0.8014,0.9145,51.04
0.6213,0.5258,0.5866,37.23
0.7552,0.6987,0.6106,44.0
0.1644,0.189,0.1423,17.41
0.9279,0.7023,0.7254,51.96
0.7986,0.6388,0.6102,46.14
0.8354,0.6178,0.8621,49.3
0.4562,0.3571,0.4289,31.38
0.7576,0.5953,0.6859,43.43
0.522,0.5158,0.4925,29.64
0.7776,0.7502,0.7211,44.07
0.4333,0.3353,0.3993,31.6
0.4975,0.5032,0.4383,35.98
0.9041,0.7627,0.8525,52.6
0.8932,0.7664,0.7245,49.81
0.7952,0.7075,0.7139,48.51
0.4479,0.5698,0.307,33.89
0.1052,0.2371,0.175,20.15
0.9377,0.7659,0.7998,53.52
0.5778,0.4916,0.5459,28.59
0.2292,0.1789,0.2021,17.08
0.7573,0.696,0.7315,46.51
0.3981,0.329,0.266,20.5
0.3764,0.3556,0.4471,30.95
0.371,0.3021,0.3475,21.68
0.4358,0.3286,0.3948,23.27
0.95,0.6983,0.879,54.29
0.9482,0.7871,0.8772,54.46
0.7966,0.6714,0.7809,49.78
0.4764,0.3568,0.4725,31.7
0.8411,0.5629,0.6686,46.76
0.7016,0.47,0.6349,33.96
0.4527,0.3881,0.4244,32.02
0.2205,0.2129,0.2176,18.09
0.4918,0.3467,0.4819,26.82
0.4738,0.3066,0.4378,22.41
0.3921,0.3322,0.3792,23.45
0.559,0.4927,0.5576,37.05
0.6307,0.5313,0.6006,33.1
0.272,0.3074,0.2298,25.63
0.7726,0.6957,0.6541,47.92
0.269,0.1317,0.2457,15.17
0.3146,0.2032,0.2681,17.96
0.95,0.8916,0.95,55.18
0.95,0.7547,0.7074,54.31
0.4916,0.3418,0.4813,27.06
0.7032,0.5371,0.6388,35.04
0.4762,0.4297,0.3526,26.28
0.7475,0.6787,0.6433,45.94
0.4463,0.3928,0.4325,25.54
0.6489,0.6407,0.6296,36.69
0.95,0.8917,0.95,60.0
0.7664,0.7528,0.7912,47.07
0.9223,0.8179,0.9169,51.71
0.9236,0.7323,0.8287,56.55
0.468,0.3459,0.3757,30.46
0.4138,0.3503,0.4049,24.19
0.1,0.1008,0.1256,13.03
0.696,0.6075,0.6412,44.33
0.95,0.8527,0.95,60.0
0.7298,0.5619,0.6626,42.07
0.95,0.9155,0.95,53.56
0.5692,0.5696,0.5504,30.22
0.3166,0.2383,0.2938,18.91
0.3486,0.2547,0.2483,15.53
0.258,0.3152,0.2232,25.8
0.4528,0.3509,0.4039,23.1
0.7774,0.6598,0.6883,52.72
0.4901,0.394,0.4821,26.99
0.7075,0.551,0.6922,36.85
0.415,0.4857,0.2197,30.88
0.8391,0.6443,0.7262,45.68
0.684,0.5428,0.5118,36.5
0.8594,0.7681,0.8059,54.04
0.6286,0.5066,0.593,30.59
0.95,0.8738,0.925,48.27
0.9478,0.8015,0.8936,49.45
0.9026,0.9334,0.8543,57.92
0.1,0.1,0.1,6.79
0.4957,0.4833,0.5351,31.12
0.8045,0.6793,0.6609,37.56
0.6189,0.4744,0.5678,38.36
0.8027,0.7373,0.7593,44.28
0.4543,0.5027,0.4218,33.81
0.3166,0.3246,0.3036,22.51
0.5035,0.4119,0.4398,26.49
0.5519,0.4718,0.5069,30.15
0.7337,0.6147,0.7031,38.42
0.7114,0.5903,0.6437,36.62
0.6171,0.5924,0.6942,36.16
0.2429,0.3416,0.2459,24.64
0.3847,0.3841,0.3449,31.02
0.7233,0.6418,0.6977,32.66
0.1,0.2609,0.1,18.8
0.5752,0.4891,0.5441,28.97
0.8338,0.6714,0.7727,46.79
0.5927,0.6513,0.441,38.5
0.5587,0.5365,0.5382,38.43
0.3262,0.2895,0.3177,20.27
0.5465,0.438,0.5099,34.11
0.5145,0.4504,0.3758,27.7
0.9119,0.7986,0.8915,47.48
0.573,0.4642,0.4263,28.48
0.7105,0.5925,0.5702,35.36
0.6827,0.6008,0.6677,44.25
0.8384,0.6886,0.8159,44.72
0.3687,0.3487,0.3628,28.31
0.8064,0.7019,0.7999,40.6
0.1,0.1072,0.1,8.39
0.752,0.6074,0.6377,40.81
0.7897,0.673,0.6926,48.07
0.409,0.3248,0.3787,28.14
0.1578,0.1959,0.1937,19.21
0.8458,0.791,0.6749,41.75
0.2587,0.2175,0.2561,18.98
0.3014,0.1251,0.2186,14.98
0.4995,0.4664,0.4585,36.27
0.884,0.775,0.8504,46.52
0.6275,0.5055,0.597,34.07
0.95,0.7805,0.7729,50.18
0.8494,0.7846,0.8646,52.58
0.2467,0.1693,0.2653,21.97
0.5378,0.4427,0.5483,34.94
0.7002,0.584,0.5654,41.98
0.1831,0.3477,0.2131,23.69
0.95,0.8007,0.95,59.55
0.7063,0.6021,0.6601,41.48
0.803,0.7043,0.7626,47.69
0.3968,0.3787,0.4093,23.05
0.95,0.8182,0.9162,57.62
0.4736,0.3412,0.4238,24.77
0.3383,0.2614,0.3316,25.58
0.9329,0.8509,0.8961,44.74
0.9396,0.7345,0.8682,51.88
0.8208,0.5804,0.7996,35.11
0.6207,0.4919,0.5923,37.98
0.4838,0.351,0.4396,25.51
0.7047,0.632,0.688,36.87
0.7816,0.5779,0.7607,31.35
0.3445,0.3079,0.1663,19.46
0.4875,0.4298,0.472,29.38
0.7332,0.6252,0.6482,38.61
0.8861,0.7679,0.8347,40.35
0.6257,0.4646,0.7273,34.92
0.8568,0.704,0.8177,43.86
0.6473,0.5103,0.6073,39.88
0.5661,0.4981,0.5458,35.49
0.2498,0.207,0.2775,19.95
0.8312,0.7004,0.7617,46.32
0.95,0.819,0.8766,58.22
0.701,0.6414,0.6396,44.72
0.2509,0.1,0.159,13.11
0.5584,0.4581,0.4108,30.29
0.7497,0.6777,0.5603,36.71
0.2296,0.2109,0.2267,17.65
0.2855,0.2343,0.2966,18.1
0.2101,0.2054,0.1827,17.7
0.268,0.2144,0.24,17.18
0.95,0.7673,0.8878,54.93
0.4439,0.3602,0.4083,24.28
0.1528,0.1053,0.1377,11.46
0.3734,0.3153,0.3563,26.25
0.7645,0.4358,0.7579,27.42
0.4713,0.4891,0.3919,34.9
0.5614,0.5221,0.5803,31.77
0.8998,0.7763,0.8494,54.06
0.8341,0.6334,0.6894,37.82
0.8076,0.6574,0.7882,40.51
0.1423,0.1,0.1,7.09
0.286,0.1752,0.2203,16.19
0.2135,0.2335,0.1814,18.36
0.9209,0.8195,0.7237,48.74
0.3052,0.1712,0.1657,13.69
0.7712,0.7518,0.6359,46.16
0.4146,0.3158,0.3415,21.88
0.7561,0.6053,0.7146,44.24
0.3676,0.2246,0.3465,20.87
0.7404,0.7019,0.5131,40.01
0.3682,0.4289,0.3896,31.42
0.5403,0.4571,0.4446,28.53
0.5807,0.5162,0.529,31.5
0.318,0.4958,0.3399,28.56
0.5582,0.4974,0.4493,37.46
0.95,0.902,0.95,55.43
0.5486,0.4483,0.5266,34.88
0.6127,0.4832,0.5659,39.71
0.7005,0.5609,0.7105,41.21
0.8708,0.6698,0.7445,38.78
0.7612,0.6484,0.7194,39.56
0.8027,0.6693,0.7436,49.64
0.95,0.8351,0.938,55.53
0.6644,0.5423,0.7121,32.38
0.7219,0.6514,0.6837,46.75
0.8239,0.7179,0.7877,41.21
0.5671,0.4375,0.5386,30.56
0.3835,0.319,0.3211,25.37
0.7755,0.5989,0.7338,44.1
0.5647,0.4379,0.5258,30.74
0.95,0.95,0.9401,60.0
0.5788,0.4659,0.546,34.53
0.9196,0.7683,0.7706,52.23
0.5752,0.4827,0.565,32.51
0.7243,0.5651,0.5672,40.47
0.8337,0.593,0.7675,33.17
0.8425,0.7322,0.772,48.88
0.2853,0.2359,0.2511,22.57
0.4957,0.5666,0.4484,32.26
0.3906,0.359,0.2947,22.56
0.2567,0.2129,0.268,22.41
0.3751,0.3601,0.3998,22.83
0.3196,0.3131,0.3407,21.39
0.1133,0.1,0.1026,14.24
0.9395,0.7965,0.9046,55.15
0.5148,0.4818,0.461,27.32
0.2982,0.287,0.2873,20.92
0.216,0.1668,0.2011,14.16
0.7449,0.5578,0.6562,34.99
0.6755,0.5549,0.5581,35.89
0.6628,0.5537,0.6219,39.93
0.1,0.1,0.1,8.09
0.6577,0.4748,0.5864,35.39
0.95,0.87,0.8919,56.06
0.5919,0.4927,0.641,31.78
0.7341,0.6408,0.6761,47.56
0.7408,0.6212,0.6854,42.2
0.3607,0.3056,0.3546,21.86
0.2151,0.1535,0.2251,14.64
0.5715,0.5748,0.4976,30.92
0.7019,0.6469,0.605,40.93
0.8952,0.6445,0.7597,50.21
0.7543,0.5974,0.7234,42.55
0.8366,0.7154,0.7769,36.4
0.6606,0.5252,0.6409,38.02
0.95,0.8291,0.95,57.97
0.928,0.7685,0.7624,42.13
0.518,0.4432,0.4701,27.23
0.707,0.6332,0.6805,39.0
0.2052,0.2538,0.1451,21.16
0.5221,0.4182,0.5055,35.04
0.4559,0.3033,0.3637,20.84
0.7364,0.6113,0.7103,42.27
0.569,0.4867,0.5572,35.68
0.3148,0.2804,0.298,25.01
0.313,0.211,0.2,16.43
0.6936,0.5407,0.6657,43.39
0.95,0.77,0.9484,53.36
0.3473,0.1801,0.3026,23.06
0.95,0.95,0.8773,60.0
0.7943,0.6703,0.6898,37.44
0.9392,0.691,0.8316,53.92
0.95,0.9168,0.95,54.05
0.446,0.3226,0.3656,24.8
0.37,0.5478,0.4422,30.97
0.4127,0.3456,0.4031,23.62
0.2527,0.2084,0.2285,18.92
0.2944,0.2504,0.2533,24.67
0.2657,0.4079,0.2045,27.56
0.95,0.8605,0.8591,59.56
0.4776,0.3712,0.3995,26.52
0.3242,0.2336,0.3165,25.11
0.3048,0.256,0.2982,25.77
0.8573,0.7466,0.8355,53.21
0.7614,0.6698,0.8015,45.78
0.3954,0.2461,0.3108,18.8
0.2281,0.2153,0.2162,15.89
0.2135,0.2121,0.2296,18.2
0.3606,0.3124,0.2908,20.88
0.3418,0.3419,0.3711,24.3
0.4167,0.3468,0.4331,21.85
0.2906,0.2322,0.2831,19.39
0.3762,0.4222,0.3323,29.82
0.95,0.8044,0.95,57.55
0.7989,0.7305,0.7709,42.45
0.8284,0.7098,0.7837,42.7
0.2901,0.3141,0.2455,21.89
0.3718,0.3244,0.3423,22.52
0.664,0.5657,0.602,42.32
0.3717,0.3815,0.4072,29.8
0.2301,0.2203,0.2202,16.76
0.7318,0.6281,0.6895,45.69
0.9011,0.7342,0.8797,50.71
0.95,0.9413,0.95,53.47
0.362,0.374,0.3639,24.63
0.6943,0.6207,0.6436,41.56
0.6992,0.5767,0.6372,41.64
0.3307,0.1,0.2963,24.67
0.95,0.95,0.95,60.0
0.8694,0.6993,0.869,51.02
0.4791,0.5239,0.4713,34.93
0.8011,0.5767,0.8108,45.78
0.95,0.95,0.95,60.0
0.4748,0.3965,0.4169,27.52
0.8114,0.6741,0.7875,52.33
0.95,0.7407,0.95,57.08
0.3993,0.2986,0.344,21.61
0.6475,0.533,0.5857,31.4
0.92,0.8098,0.8818,53.58
0.8461,0.705,0.8381,50.02
0.4133,0.3424,0.3758,21.69
0.1,0.147,0.1656,16.26
0.7224,0.5605,0.6824,38.12
0.8416,0.7434,0.899,47.7
0.3771,0.2904,0.3658,20.14
0.3493,0.2806,0.3258,21.41
0.8247,0.6755,0.7764,38.58
0.6617,0.6143,0.5958,38.81
0.6678,0.4774,0.6193,30.75
0.4694,0.4606,0.4706,34.39
0.3559,0.3015,0.532,17.15
0.8737,0.6861,0.7695,52.87
0.95,0.7965,0.9182,48.88
0.5136,0.4288,0.4538,40.51
0.4926,0.4335,0.4379,29.82
0.4389,0.3387,0.3629,25.09
0.4623,0.4344,0.52,35.0
0.1854,0.2775,0.2604,23.87
0.3835,0.3286,0.2434,22.37
0.5648,0.4582,0.5571,28.8
0.5929,0.5086,0.5757,26.35
0.7558,0.3876,0.6794,30.77
0.5797,0.4497,0.5662,34.58
0.8776,0.766,0.7986,43.81
0.3488,0.2768,0.3369,22.09
0.9483,0.8517,0.8257,54.63
0.1399,0.1,0.1362,11.19
0.7817,0.7032,0.8848,43.39
0.95,0.711,0.8875,55.71
0.6073,0.5356,0.529,40.63
0.3915,0.2451,0.4223,22.98
0.6346,0.4781,0.4998,33.97
0.4237,0.4077,0.3842,28.95
0.3892,0.2444,0.3354,20.63
0.95,0.9018,0.95,51.91
0.1621,0.1588,0.1688,15.83
0.5658,0.4069,0.4947,36.19
0.2929,0.2137,0.1889,15.36
0.7335,0.7705,0.6068,39.44
0.6164,0.5274,0.5726,40.27
0.8749,0.7323,0.8892,54.04
0.3934,0.3267,0.3678,21.11
0.7534,0.6264,0.5219,39.88
0.2604,0.2526,0.1452,16.27
0.95,0.9037,0.95,58.01
0.8251,0.7001,0.8134,42.75
0.4938,0.3663,0.4768,24.53
0.4338,0.4187,0.304,25.43
0.4949,0.3854,0.493,31.06
0.7665,0.5483,0.637,40.35
0.95,0.95,0.95,56.86
0.6228,0.4889,0.4819,30.11
0.2213,0.2462,0.2281,21.49
0.443,0.4326,0.3759,26.34
0.58,0.4901,0.555,32.06
0.6062,0.3961,0.5359,29.53
0.5356,0.4661,0.4303,27.9
0.2382,0.2079,0.1946,17.77
0.5483,0.4797,0.5142,36.01
0.9217,0.8191,0.9172,48.61
0.3739,0.3346,0.3263,20.28
0.2828,0.3047,0.2924,20.88
0.2626,0.2532,0.2712,20.1
0.4908,0.3851,0.4475,32.97
0.2939,0.1316,0.2523,24.05
0.198,0.1609,0.2118,16.68
0.4071,0.3404,0.3924,24.31
0.349,0.3133,0.3271,21.63
0.3467,0.3573,0.3455,23.91
0.6103,0.5606,0.5898,33.09
0.8247,0.8037,0.8015,46.03
0.7341,0.6198,0.6629,40.54
0.6093,0.5525,0.617,33.15
0.841,0.5942,0.6696,42.74
0.7095,0.5868,0.6672,41.96
0.6643,0.5469,0.6361,37.24
0.3275,0.211,0.4052,15.29
0.3666,0.3429,0.35,23.59
0.5743,0.4774,0.4711,35.6
0.2882,0.3563,0.1956,25.8
0.555,0.4132,0.5339,34.92
0.7249,0.6912,0.797,44.66
0.727,0.6266,0.6915,38.64
0.5094,0.4237,0.506,32.37
0.9273,0.7983,0.9041,50.01
0.5959,0.5931,0.4448,32.75
0.2486,0.2217,0.247,18.83
0.7542,0.65,0.6992,44.04
0.6201,0.504,0.6468,39.75
0.95,0.6811,0.95,52.4
0.8949,0.7886,0.6857,47.53
0.8596,0.6608,0.8418,44.27
0.6614,0.6407,0.618,34.38
0.6864,0.5602,0.5847,45.49
0.4306,0.3552,0.3585,24.41
0.7038,0.6058,0.6599,42.46
0.7962,0.7015,0.7459,42.65
0.95,0.741,0.845,51.49
0.7413,0.5965,0.6683,33.74
0.5933,0.4703,0.5473,33.11
0.7748,0.5882,0.8235,40.49
0.6272,0.5166,0.6866,35.68
0.2111,0.1921,0.1978,15.51
0.483,0.4769,0.4269,34.07
0.6201,0.711,0.5267,43.96
0.2536,0.1998,0.2408,16.79
0.6759,0.5706,0.698,36.64
0.95,0.8442,0.95,53.99
0.7754,0.6701,0.7113,40.4
0.7617,0.6505,0.7439,43.72
0.8876,0.8258,0.7073,52.47
0.95,0.9065,0.95,48.86
0.7823,0.6645,0.7325,45.84
0.134,0.1,0.1202,10.49
0.9473,0.7575,0.931,45.7
0.52,0.4904,0.4882,28.56
0.5878,0.533,0.5992,33.42
0.5413,0.4222,0.5315,33.95
0.4309,0.2595,0.4183,30.83
0.5874,0.5517,0.5262,32.65
0.3353,0.2722,0.2968,19.58
0.3821,0.2588,0.3928,22.14
0.7595,0.623,0.716,44.64
0.1,0.1,0.1,5.84
0.4852,0.4443,0.5347,38.03
0.5808,0.4334,0.4677,29.93
0.7426,0.592,0.7879,48.15
0.603,0.5832,0.5453,29.14
0.3181,0.2477,0.3219,19.24
0.8844,0.779,0.9389,55.46
0.8719,0.699,0.6101,49.55
0.95,0.7991,0.9349,55.26
0.4804,0.3327,0.501,33.61
0.4179,0.4203,0.4028,30.58
0.5389,0.5393,0.4215,37.88
0.5658,0.4201,0.5052,33.6
0.476,0.3544,0.4843,33.28
0.7106,0.5922,0.7009,38.5
0.6371,0.5654,0.5979,41.89
0.9499,0.8313,0.8256,51.62
0.5943,0.4485,0.5504,30.96
0.717,0.61,0.699,35.36
0.5898,0.549,0.5878,37.5
0.7316,0.6659,0.7033,44.99
0.1305,0.1525,0.1263,14.81
0.1889,0.1083,0.2268,20.97
0.513,0.5168,0.5569,37.42
0.4881,0.3381,0.4295,26.53
0.7346,0.6945,0.5626,38.64
0.9268,0.7544,0.8764,53.91
0.95,0.95,0.95,60.0
0.95,0.8529,0.95,55.6
0.184,0.1264,0.1978,15.84
0.4509,0.3339,0.4348,22.91
0.6632,0.6491,0.4812,33.44
0.6172,0.4901,0.5277,32.39
0.8051,0.72,0.7914,49.64
0.1825,0.1588,0.1994,14.42
0.7912,0.5806,0.6681,41.84
0.7833,0.5908,0.7745,44.5
0.3947,0.3367,0.3411,23.62
0.4181,0.3804,0.4083,25.21
0.6203,0.6045,0.4981,35.2
0.5767,0.4175,0.5342,28.01
0.7751,0.6373,0.7607,39.64
0.5031,0.4269,0.4976,26.65
0.8759,0.6872,0.6737,47.92
0.3435,0.3202,0.3166,21.62
0.6703,0.5695,0.7449,46.31
0.8073,0.6689,0.8076,44.86
0.6866,0.5584,0.5644,34.45
0.8618,0.7263,0.8019,51.2
0.7802,0.5615,0.5745,28.29
0.6933,0.5546,0.6089,35.32
0.6606,0.5197,0.5959,31.33
0.3221,0.3096,0.3753,27.67
0.6615,0.5683,0.6893,35.17
0.5403,0.4846,0.4257,36.13
0.6267,0.4973,0.5891,24.64
0.3592,0.4706,0.2262,29.81
0.3827,0.2445,0.3661,22.68
0.821,0.673,0.8693,49.0
0.2673,0.2334,0.2822,22.4
0.441,0.42,0.4207,33.64
0.6601,0.5977,0.5619,42.76
0.8071,0.756,0.9099,48.78
0.3353,0.2433,0.3258,27.22
0.95,0.9323,0.899,57.85
0.8816,0.7134,0.9364,50.34
0.7583,0.6492,0.7953,50.08
0.4312,0.3364,0.4233,30.22
0.4482,0.4884,0.3778,28.48
0.7232,0.5583,0.6791,42.33
0.5269,0.435,0.5014,30.21
0.95,0.6915,0.95,52.97
0.7459,0.664,0.7008,37.03
0.666,0.5966,0.647,41.0
0.7499,0.6448,0.583,37.88
0.6038,0.5378,0.5416,35.7
0.95,0.8246,0.9319,47.94
0.1413,0.1261,0.1534,12.46
0.3624,0.5055,0.3365,30.73
0.3026,0.2684,0.2425,18.25
0.6837,0.5735,0.5737,35.79
0.95,0.9424,0.95,55.96
0.377,0.3193,0.3615,22.99
0.3578,0.3536,0.3647,29.67
0.95,0.7685,0.8541,51.87
0.3772,0.2588,0.2521,26.3
0.2998,0.2732,0.2852,23.69
0.7391,0.5934,0.7149,36.89
0.5001,0.4832,0.4805,33.89
0.3507,0.2024,0.2761,20.35
0.2974,0.3017,0.3236,27.07
0.5443,0.3772,0.5078,28.08
0.603,0.5346,0.5698,39.36
0.95,0.925,0.9289,60.0
0.8439,0.6625,0.7178,46.29
0.2332,0.2966,0.2593,23.78
0.3406,0.3257,0.3391,28.18
0.95,0.9192,0.95,60.0
0.7211,0.5763,0.6561,39.2
0.4288,0.3536,0.4077,28.97
0.6907,0.5746,0.6354,39.51
0.9083,0.739,0.7678,46.07
0.6555,0.5759,0.564,37.0
0.7079,0.5294,0.7195,32.11
0.2797,0.3424,0.1516,23.97
0.7824,0.6544,0.7454,46.57
0.6175,0.4407,0.5452,31.8
0.8363,0.7553,0.7976,47.13
0.5877,0.4765,0.4812,29.79
0.4121,0.3616,0.3739,24.28
0.4408,0.3516,0.3557,30.18
0.4607,0.4088,0.4312,32.52
0.7285,0.5358,0.653,27.8
0.2682,0.383,0.3067,25.61
0.95,0.902,0.95,60.0
0.7367,0.5326,0.6398,41.69
0.7116,0.6334,0.7279,41.25
0.6726,0.57,0.5819,38.68
0.1008,0.1,0.1,11.81
0.4632,0.4499,0.4408,27.1
0.7295,0.7191,0.6039,40.62
0.4408,0.3831,0.4246,29.35
0.663,0.5906,0.628,42.19
0.5422,0.3995,0.432,28.93
0.7813,0.6794,0.7188,42.81
0.5727,0.4005,0.4864,34.77
0.2311,0.1756,0.1967,16.91
0.5488,0.4817,0.506,35.79
0.7036,0.5796,0.6021,45.23
0.6566,0.5391,0.6294,38.68
0.4583,0.5432,0.37,33.77
0.8058,0.6433,0.7818,36.35
0.7356,0.4777,0.5914,29.67
0.2449,0.2013,0.2432,16.38
0.7874,0.6826,0.7755,43.47
0.3801,0.3201,0.3601,25.49
0.6139,0.5204,0.556,30.78
0.3793,0.3235,0.4122,30.05
0.1684,0.2749,0.2009,21.06
0.3555,0.2484,0.334,26.71
0.7243,0.7069,0.7064,44.73
0.5109,0.4155,0.4752,26.78
0.8688,0.7241,0.8093,43.1
0.649,0.5195,0.5677,33.62
0.95,0.7452,0.9251,52.57
0.2493,0.3689,0.1837,26.34
0.6521,0.5211,0.6884,41.79
0.6508,0.5739,0.5096,34.29
0.5338,0.4507,0.5282,30.2
0.3943,0.22,0.3603,21.81
0.502,0.5676,0.4159,37.64
0.4019,0.3843,0.3731,23.48
0.884,0.7422,0.9151,51.85
0.5216,0.3953,0.5434,28.28
0.173,0.1529,0.1742,14.74
0.4714,0.4015,0.439,26.78
0.6331,0.4924,0.5863,44.58
0.514,0.4996,0.4641,37.44
0.5452,0.3995,0.6261,27.13
0.1,0.135,0.1,11.91
0.5752,0.4407,0.4586,29.06
0.8664,0.7712,0.8335,48.73
0.8727,0.7587,0.7152,50.62
0.6579,0.556,0.5984,29.87
0.8827,0.7025,0.7288,40.74
0.6701,0.5794,0.5757,36.15
0.307,0.2794,0.2846,20.97
0.95,0.807,0.9262,49.54
0.4734,0.3451,0.4369,25.34
0.3037,0.2497,0.2908,19.5
0.6275,0.508,0.6164,32.18
0.3736,0.4692,0.4366,31.3
0.3424,0.3277,0.2655,27.84
0.95,0.8449,0.9364,54.05
0.4981,0.365,0.5165,21.68
0.6692,0.6624,0.5269,36.19
0.6713,0.7217,0.6386,45.31
0.317,0.2709,0.304,19.59
0.6304,0.4732,0.4955,29.38
0.1019,0.1056,0.1,13.78
0.49,0.4346,0.4585,33.22
0.95,0.8354,0.95,59.66
0.95,0.8333,0.8325,57.4
0.6124,0.5432,0.5652,31.77
0.6772,0.4703,0.6512,42.69
0.5554,0.6067,0.4662,36.08
0.7079,0.681,0.6407,39.4
0.8422,0.6976,0.7595,47.65
0.6556,0.5327,0.6279,30.81
0.4521,0.325,0.3919,23.62
0.95,0.8941,0.7594,54.27
0.6763,0.5359,0.578,39.53
0.7315,0.5445,0.5951,33.62
0.7776,0.6802,0.7826,51.05
0.4195,0.3102,0.3653,21.75
0.5104,0.42,0.4369,31.51
0.3936,0.3779,0.3592,23.06
0.6175,0.6169,0.4224,33.29
0.95,0.6985,0.9336,54.3
0.8864,0.6606,0.7025,33.39
0.5422,0.4938,0.4404,30.31
0.5434,0.4597,0.4965,29.68
0.95,0.8634,0.8487,56.4
0.506,0.5121,0.4205,34.63
0.95,0.8746,0.95,57.69
0.6681,0.5444,0.6599,40.72
0.4916,0.4743,0.4853,28.25
0.5724,0.3622,0.6305,36.12
0.715,0.6549,0.6918,39.75
0.7996,0.6089,0.7812,43.77
0.7952,0.6416,0.7688,43.34
0.2053,0.1484,0.1,12.66
0.3107,0.3016,0.2926,21.92
0.8945,0.832,0.7597,38.29
0.134,0.1027,0.1552,13.35
0.2045,0.1556,0.1583,12.9
0.7823,0.6691,0.7298,48.77
0.4161,0.3943,0.3817,30.4
0.318,0.2898,0.282,19.74
0.5672,0.5242,0.6076,33.43
0.5763,0.4768,0.6026,36.97
0.5794,0.4736,0.5232,39.36
0.6691,0.4803,0.6433,36.2
0.8367,0.6276,0.8115,46.99
0.8949,0.7362,0.8676,42.97
0.3409,0.2691,0.2925,24.44
0.8707,0.7309,0.8234,46.42
0.6918,0.5948,0.5651,38.78
0.1534,0.1259,0.1422,12.24
0.352,0.2774,0.3451,22.68
0.9279,0.7547,0.92,49.62
0.6296,0.5092,0.6013,38.72
0.5018,0.4336,0.4923,28.29
0.95,0.8926,0.95,51.31
0.9083,0.7136,0.7877,41.48
0.6131,0.452,0.5799,39.06
0.656,0.5085,0.5753,35.11
0.821,0.722,0.6922,39.17
0.4694,0.4346,0.4755,25.14
0.4332,0.3349,0.3888,24.18
0.612,0.5343,0.5691,32.25
0.5206,0.4193,0.6095,33.21
0.8343,0.7288,0.7858,41.29
0.9146,0.6781,0.7691,38.42
0.703,0.6165,0.6696,42.8
0.5395,0.5184,0.4815,28.87
0.7273,0.636,0.635,35.55
0.2567,0.1892,0.2764,15.1
0.4962,0.4393,0.3812,37.74
0.4467,0.3791,0.438,30.36
0.808,0.7299,0.5715,48.1
0.6572,0.577,0.6122,41.43
0.4461,0.4015,0.3722,24.6
0.4639,0.4594,0.4721,29.8
0.8079,0.6575,0.6759,41.73
0.601,0.6096,0.5667,33.28
0.7074,0.5726,0.6062,35.84
0.7176,0.6698,0.6522,33.95
0.7412,0.61,0.6735,39.53
0.914,0.7794,0.8856,56.85
0.3715,0.5447,0.4641,34.29
0.95,0.8847,0.8977,52.15
0.6993,0.6216,0.6553,41.03
0.3406,0.3053,0.3359,26.21
0.7744,0.6602,0.7314,35.12
0.4974,0.4221,0.4568,32.79
0.6611,0.507,0.6371,32.16
0.7055,0.6319,0.5846,43.72
0.8304,0.7885,0.8135,43.34
0.5515,0.4682,0.5254,29.43
0.3539,0.4433,0.375,30.64
0.6565,0.5899,0.6894,35.02
0.95,0.8856,0.95,57.72
0.3264,0.3767,0.2832,27.62
0.95,0.8016,0.95,58.73
0.4814,0.4098,0.459,33.52
0.7156,0.6169,0.6547,38.54
0.6208,0.5198,0.5928,35.51
0.3111,0.1991,0.2792,21.48
0.4883,0.3934,0.4642,32.49
0.7589,0.6936,0.7344,47.51
0.95,0.9104,0.95,55.41
0.5815,0.5567,0.5783,32.04
0.6296,0.5533,0.5585,40.92
0.6703,0.5712,0.6121,39.57
0.3714,0.4481,0.2859,30.54
0.9291,0.9296,0.8723,55.53
0.2308,0.3554,0.2433,24.11
0.5115,0.3879,0.4994,37.66
0.309,0.2922,0.296,21.26
0.6609,0.625,0.5049,36.66
0.4681,0.3457,0.3582,24.41
0.4337,0.3873,0.4116,30.83
0.1,0.1,0.1,6.24
0.9378,0.6844,0.8203,51.05
0.8412,0.7409,0.8348,38.61
0.8013,0.6465,0.7143,51.08
0.5929,0.4809,0.5868,39.17
0.3577,0.3659,0.1557,27.66
0.95,0.8637,0.9334,56.02
0.9428,0.8079,0.8679,55.25
0.2627,0.176,0.2417,18.03
0.7169,0.6085,0.7646,47.33
0.6003,0.5376,0.588,31.23
0.516,0.2255,0.4804,22.59
0.2889,0.2065,0.1702,15.6
0.1043,0.1,0.1016,11.22
0.9026,0.7705,0.8667,52.93
0.6649,0.5431,0.6308,42.64
0.3814,0.2938,0.3612,21.69
0.3595,0.3099,0.2436,23.55
0.3779,0.3314,0.3255,28.55
0.383,0.476,0.3541,30.07
0.7811,0.6891,0.7391,47.13
0.5443,0.5301,0.4935,24.44
0.2947,0.3669,0.3512,28.96
0.7682,0.671,0.8048,46.87
0.1757,0.1036,0.1649,15.45
0.95,0.8065,0.8631,54.48
0.5902,0.5192,0.5715,38.23
0.3501,0.3183,0.3498,22.87
0.95,0.8195,0.841,54.23
0.675,0.5427,0.5386,32.62
0.7126,0.6046,0.6574,38.78
0.6385,0.5532,0.6592,41.19
0.6915,0.5838,0.6319,34.78
0.7862,0.5887,0.6798,32.64
0.8719,0.6684,0.6948,43.9
0.664,0.5847,0.4699,36.93
0.95,0.8545,0.9321,52.52
0.3983,0.3201,0.3028,30.26
0.8916,0.8062,0.7373,49.6
0.9071,0.7563,0.7281,50.88
0.2618,0.2347,0.1765,16.18
0.8099,0.5141,0.6784,40.16
0.815,0.7518,0.7198,47.67
0.9045,0.7535,0.8486,46.59
0.1782,0.1545,0.1,13.2
0.95,0.8715,0.95,60.0
0.6534,0.5561,0.6179,41.17
0.1869,0.1265,0.1877,13.4
0.886,0.6789,0.6663,48.25
0.5973,0.5364,0.4392,36.32
0.4703,0.4463,0.4223,26.85
0.525,0.4318,0.4717,33.74
0.4524,0.3889,0.4352,22.27
0.6868,0.5534,0.6033,42.36
0.95,0.8272,0.8203,52.31
0.2479,0.3798,0.178,25.86
0.8853,0.7225,0.95,53.31
0.8296,0.7092,0.8216,41.85
0.5675,0.4843,0.5254,34.06
0.4289,0.3549,0.4006,28.26
0.682,0.6065,0.6491,43.31
0.405,0.3899,0.3783,29.84
0.4907,0.4443,0.448,26.93
0.418,0.495,0.4031,34.13
0.6943,0.6042,0.7099,44.93
0.6442,0.5472,0.5878,39.63
0.9173,0.7727,0.8164,50.2
0.4836,0.3623,0.357,23.22
0.5531,0.485,0.5444,30.83
0.95,0.7509,0.8761,56.07
0.4772,0.3334,0.4623,32.84
0.4552,0.4118,0.4098,30.32
0.5776,0.584,0.5137,40.84
0.4333,0.3405,0.3484,22.96
0.5078,0.4671,0.4183,34.97
0.5884,0.4616,0.4982,40.14
0.2851,0.2134,0.1,13.77
0.8542,0.7228,0.843,45.82
0.2391,0.227,0.2212,22.07
0.6406,0.5024,0.6143,31.82
0.9139,0.7114,0.8445,53.89
0.6003,0.5472,0.5342,38.3
0.431,0.3526,0.3832,29.95
0.3193,0.2902,0.3347,26.11
0.1,0.1047,0.1,12.45
0.5139,0.4018,0.4497,31.49
0.6213,0.5328,0.6031,30.69
0.8694,0.7593,0.8611,46.76
0.6966,0.5764,0.7031,44.09
0.2661,0.1453,0.265,15.56
0.5811,0.4712,0.5852,31.57
0.6669,0.6157,0.6596,33.2
0.3222,0.2603,0.2613,17.5
0.5826,0.48,0.5653,37.24
0.7992,0.6324,0.7271,41.67
0.2793,0.1553,0.3086,24.39
0.4184,0.3584,0.4055,29.09
0.7152,0.452,0.6144,34.37
0.7271,0.5686,0.5888,36.1
0.1554,0.3756,0.1,21.38
0.1708,0.1512,0.1855,13.68
0.597,0.6219,0.5214,33.7
0.7303,0.5378,0.6601,38.2
0.5729,0.4968,0.5828,37.19
0.8077,0.6516,0.7957,50.57
0.95,0.911,0.95,57.24
0.95,0.7121,0.9286,53.32
0.4884,0.4648,0.5638,31.58
0.6733,0.5743,0.6145,42.84
0.2211,0.2475,0.165,23.57
0.6711,0.4822,0.6489,38.58
0.3408,0.1879,0.3199,26.0
0.95,0.9407,0.9381,58.96
0.4732,0.3002,0.3337,30.0
0.2723,0.3164,0.2698,25.6
0.2917,0.237,0.2719,19.51
0.1839,0.1152,0.2026,15.62
0.8406,0.7346,0.8065,49.15
0.8263,0.6985,0.7873,51.68
0.3071,0.1861,0.2626,18.26
0.3033,0.4941,0.2784,28.18
0.95,0.9227,0.95,52.66
0.5331,0.4284,0.5134,36.31
0.6091,0.5443,0.5739,32.66
0.6593,0.6103,0.7028,38.28
0.4341,0.401,0.4639,24.04
0.8472,0.6942,0.8472,48.21
0.95,0.9085,0.95,56.18
0.95,0.8687,0.95,49.08
0.7599,0.6589,0.6995,44.52
0.1,0.1,0.1,10.74
0.1,0.206,0.1284,17.27
0.8195,0.7638,0.8253,46.8
0.95,0.8789,0.8696,54.92
0.8753,0.7495,0.8673,50.7
0.355,0.3161,0.3172,22.76
0.5177,0.4592,0.5102,27.15
0.95,0.8752,0.95,55.37
0.4395,0.462,0.4304,34.09
0.3452,0.2382,0.3248,20.37
0.4553,0.4817,0.4421,34.89
0.7772,0.6525,0.5879,46.47
0.5631,0.6326,0.4549,34.33
0.4854,0.3566,0.4468,26.25
0.3805,0.3297,0.3784,27.05
0.3134,0.2371,0.2339,18.28
0.479,0.456,0.4164,33.56
0.6239,0.5437,0.5996,38.1
0.5821,0.5018,0.553,36.75
0.6816,0.5538,0.648,37.24
0.5844,0.4611,0.432,29.15
0.7954,0.6239,0.5974,43.48
0.6352,0.5503,0.6834,36.33
0.5684,0.6088,0.501,39.37
0.95,0.6658,0.7049,49.75
0.5041,0.375,0.4041,26.64
0.4879,0.3676,0.3485,31.13
0.4874,0.3658,0.4746,32.59
0.95,0.8806,0.8221,57.7
0.7706,0.5759,0.632,34.58
0.7961,0.6597,0.7806,46.04
0.7963,0.6995,0.8005,55.55
0.5046,0.3943,0.5992,29.61
0.5396,0.6093,0.4587,31.04
0.95,0.8591,0.9326,52.6
0.8263,0.5946,0.7221,38.95
0.95,0.5826,0.7772,46.69
0.6335,0.4413,0.5849,26.01
0.5157,0.3387,0.435,24.82
0.3602,0.3463,0.3431,27.93
0.8964,0.6873,0.8335,51.97
0.5749,0.5108,0.5414,33.62
0.8549,0.7959,0.7618,50.73
0.5269,0.3965,0.4618,34.23
0.4961,0.4206,0.4577,26.69
0.9081,0.7703,0.8815,47.74
0.7858,0.6498,0.7481,41.78
0.9028,0.7306,0.854,46.57
0.5418,0.4539,0.509,34.15
0.95,0.7241,0.7675,46.92
0.95,0.8714,0.95,60.0
0.6299,0.601,0.5651,41.8
0.95,0.7788,0.8455,46.89
0.4324,0.2863,0.411,23.47
0.6042,0.5371,0.547,31.01
0.2223,0.1265,0.241,15.8
0.6448,0.5625,0.6004,40.31
0.5575,0.4642,0.5283,36.35
0.5549,0.5324,0.5314,31.26
0.5361,0.4727,0.5271,36.34
0.661,0.6086,0.6667,33.69
0.5357,0.4513,0.5058,30.62
0.8946,0.7761,0.8541,48.01
0.5971,0.4647,0.6229,33.73
0.6853,0.5733,0.6224,28.08
0.8695,0.7826,0.6293,48.14
0.3951,0.3419,0.394,22.85
0.4401,0.34,0.4096,28.73
0.9436,0.8302,0.7797,50.86
0.95,0.7362,0.8932,53.4
0.4367,0.3592,0.3795,30.28
0.8082,0.7494,0.8183,48.12
0.6746,0.6114,0.6647,40.69
0.5502,0.5212,0.4319,37.69
0.3925,0.3852,0.3797,28.32
0.6161,0.6059,0.46,32.41
0.5997,0.4862,0.5995,38.69
0.9199,0.7537,0.95,54.65
0.95,0.95,0.95,60.0
0.95,0.8526,0.9022,51.32
0.5455,0.4774,0.558,34.62
0.7557,0.609,0.7452,40.86
0.5548,0.4564,0.4411,28.52
0.5988,0.4545,0.5426,36.22
0.4219,0.2973,0.3792,22.53
0.7111,0.6188,0.682,39.66
0.8166,0.6667,0.6592,36.32
0.9306,0.7943,0.95,57.02
0.5138,0.4029,0.4146,34.26
0.95,0.95,0.95,58.6
0.9449,0.7783,0.7916,53.64
0.1797,0.1365,0.1859,13.68
0.6022,0.6515,0.6095,41.71
0.95,0.8016,0.7831,53.9
0.4802,0.3791,0.4508,23.92
0.4608,0.5286,0.4326,33.74
0.95,0.9433,0.95,60.0
0.6983,0.5969,0.6511,37.21
0.7355,0.6528,0.6391,37.17
0.1762,0.1896,0.1709,16.57
0.95,0.882,0.95,60.0
0.95,0.8005,0.9018,52.86
0.6202,0.6461,0.5574,41.47
0.7829,0.6365,0.7532,45.9
0.5823,0.4719,0.547,29.34
0.5362,0.3857,0.4571,25.9
0.3782,0.2276,0.3225,29.14
0.4759,0.4297,0.3636,26.47
0.7079,0.5289,0.5834,31.47
0.3856,0.3348,0.3636,21.77
0.95,0.8736,0.884,56.88
0.7115,0.5244,0.6012,31.12
0.3656,0.297,0.2964,20.08
0.95,0.8224,0.95,57.26
0.5748,0.4283,0.5237,30.29
0.6647,0.5098,0.6254,36.28
0.8027,0.7208,0.7789,47.77
0.8435,0.664,0.777,46.52
0.8466,0.7176,0.8102,45.15
0.6465,0.4505,0.5102,38.05
0.58,0.4894,0.5376,29.21
0.5743,0.6697,0.5145,43.27
0.3428,0.2794,0.3008,26.1
0.332,0.4467,0.3237,30.4
0.4233,0.366,0.4033,24.01
0.7241,0.6473,0.6584,37.9
0.9363,0.6625,0.8365,43.58
0.1,0.1,0.1,12.54
0.3943,0.3326,0.3583,22.04
0.4307,0.3593,0.4414,25.24
0.3748,0.2923,0.3587,21.77
0.4905,0.5057,0.4214,29.6
0.1553,0.1438,0.1718,13.39
0.1213,0.1214,0.1088,13.69
0.95,0.737,0.9126,47.39
0.4507,0.3398,0.391,32.86
0.4676,0.3918,0.4811,30.86
0.7974,0.6709,0.7492,49.9
0.724,0.6021,0.6819,43.47
0.9043,0.702,0.7823,48.22
0.7574,0.6819,0.6535,40.47
0.7253,0.6309,0.5948,38.67
0.7345,0.5829,0.6731,47.13
0.4769,0.4006,0.3906,24.57
0.6765,0.5275,0.612,29.0
0.95,0.8129,0.8949,58.94
0.4137,0.3609,0.389,29.18
0.95,0.7762,0.9129,58.68
0.4984,0.3268,0.4684,25.0
0.8978,0.7457,0.8699,46.58
0.3673,0.366,0.43,29.29
0.7839,0.6366,0.7844,48.51
0.2469,0.3443,0.1961,24.63
0.4029,0.4162,0.3801,24.58
0.6736,0.5037,0.7151,39.48
0.6472,0.5649,0.6388,33.26
0.95,0.8149,0.95,53.34
0.2779,0.3196,0.1797,23.91
0.5448,0.4653,0.512,34.5
0.95,0.9304,0.9414,60.0
0.7075,0.6126,0.6391,47.72
0.5276,0.3622,0.5476,28.72
0.7154,0.6915,0.7842,51.86
0.328,0.3252,0.2764,21.91
0.95,0.6535,0.7826,49.78
0.8534,0.7063,0.8275,46.82
0.8653,0.7582,0.859,50.7
0.5418,0.4223,0.5746,29.16
0.7054,0.6283,0.6907,33.02
0.4828,0.3723,0.3855,23.76
0.7373,0.6096,0.6233,39.01
0.6804,0.5763,0.6122,44.9
0.6577,0.5018,0.6319,39.99
0.6583,0.63,0.6173,39.54
0.7853,0.6124,0.6584,38.24
0.3515,0.2877,0.3393,21.4
0.9482,0.7939,0.9039,48.48
0.6989,0.6803,0.6051,37.52
0.1538,0.1632,0.1727,17.71
0.6633,0.5124,0.5776,44.03
0.743,0.6162,0.7508,46.21
0.5848,0.4564,0.5693,29.58
0.3406,0.3184,0.3563,21.27
0.524,0.3614,0.5015,35.07
0.914,0.7349,0.8763,46.07
0.95,0.9173,0.95,60.0
0.5962,0.4985,0.5623,34.5
0.7525,0.6077,0.7367,46.23
0.837,0.6799,0.8721,56.15
0.1,0.1,0.1,8.34
0.4962,0.4565,0.4326,28.48
0.4034,0.3262,0.3259,22.78
0.6754,0.5238,0.625,40.28
0.6577,0.5915,0.6404,41.43
0.2114,0.2382,0.2376,24.4
0.7993,0.7277,0.6702,41.58
0.3415,0.2905,0.2901,26.55
0.7442,0.5979,0.7259,44.63
0.4744,0.5663,0.5048,32.38
0.792,0.7078,0.7088,38.94
0.8575,0.7116,0.8078,48.87
0.6277,0.5173,0.56,38.57
0.4881,0.4585,0.4877,32.64
0.1873,0.2344,0.1985,21.18
0.8073,0.7305,0.7695,47.87
0.95,0.8656,0.9438,57.29
0.6565,0.5683,0.6378,40.5
0.9464,0.835,0.9041,49.7
0.8153,0.6849,0.7568,40.33
0.7567,0.6493,0.7139,45.33
0.7227,0.6256,0.6842,42.8
0.6666,0.4934,0.6196,39.94
0.95,0.935,0.95,60.0
0.8602,0.7205,0.8275,43.75
0.4307,0.352,0.4302,24.89
0.7231,0.6545,0.6416,43.77
0.7582,0.643,0.6,45.65
0.9457,0.8493,0.8818,47.52
0.7303,0.6628,0.8205,45.87
0.5554,0.5399,0.5094,29.62
0.6981,0.648,0.6679,33.42
0.7513,0.6549,0.7003,41.46
0.3002,0.4944,0.2612,29.7
0.95,0.8927,0.95,60.0
0.5701,0.54,0.4437,39.5
0.4027,0.4086,0.4178,29.84
0.1313,0.1,0.1224,12.71
0.6287,0.5113,0.5953,34.35
0.531,0.433,0.5136,25.91
0.3761,0.3159,0.2187,18.83
0.655,0.5334,0.665,34.59
0.762,0.6934,0.7616,47.45
0.4437,0.5551,0.5035,36.22
0.192,0.2006,0.1804,14.5
0.2181,0.2866,0.2365,23.59
0.4474,0.4816,0.419,32.9
0.4593,0.3671,0.4062,35.21
0.8398,0.7493,0.818,42.78
0.7291,0.6234,0.717,43.84
0.2161,0.1935,0.2112,16.82
0.9233,0.7718,0.8996,58.47
0.4093,0.3292,0.4431,27.73
0.2595,0.2299,0.2719,20.67
0.5558,0.4458,0.5584,31.86
0.8896,0.6416,0.8217,46.68
0.6285,0.5148,0.5984,31.51
0.3537,0.3442,0.3422,22.57
0.1,0.2716,0.1678,20.74
0.3785,0.2778,0.3392,21.12
0.769,0.6371,0.7731,46.12
0.604,0.596,0.6038,35.83
0.8091,0.6736,0.7924,48.18
0.6571,0.7153,0.6173,43.18
0.5649,0.5993,0.4985,35.49
0.95,0.9046,0.9206,53.13
0.5585,0.4704,0.5214,35.44
0.3505,0.2226,0.2594,24.24
0.3853,0.284,0.2268,19.79
0.882,0.7541,0.8706,46.79
0.95,0.95,0.95,58.09
0.5769,0.4381,0.5793,33.08
0.6495,0.5585,0.6013,41.65
0.8469,0.75,0.7483,47.79
0.6737,0.6064,0.6127,35.17
0.4484,0.5384,0.3919,29.86
0.7222,0.565,0.638,45.78
0.5287,0.3801,0.5359,27.77
0.6053,0.503,0.5786,37.11
0.4238,0.3158,0.4248,28.05
0.5285,0.4509,0.5095,26.66
0.95,0.9126,0.95,59.54
0.8044,0.5796,0.8022,46.69
0.3996,0.3566,0.3609,29.15
0.7416,0.6293,0.7413,40.8
0.3648,0.3796,0.2023,23.05
0.9181,0.9038,0.8641,56.82
0.2917,0.1885,0.1548,15.51
0.486,0.5106,0.424,35.09
0.95,0.8552,0.9482,60.0
0.4511,0.3814,0.4144,28.94
0.7483,0.6461,0.7393,47.61
0.7389,0.5786,0.6272,35.45
0.5246,0.4366,0.4643,30.89
0.5617,0.547,0.4785,29.74
0.8606,0.7755,0.8532,45.61
0.5924,0.5002,0.559,36.19
0.95,0.8225,0.6719,54.09
0.4754,0.543,0.4718,31.9
0.6428,0.5023,0.7107,33.44
0.2671,0.2338,0.2408,17.62
0.8259,0.7417,0.8707,52.0
0.7347,0.5989,0.6262,33.8
0.4429,0.3328,0.4256,23.63
0.8992,0.8692,0.8541,56.38
0.9374,0.7643,0.8854,43.43
0.1,0.1,0.1,6.81
0.5824,0.4774,0.5186,39.93
0.3603,0.2996,0.3407,21.21
0.3572,0.2745,0.3365,26.24
0.3437,0.2634,0.3337,21.13
0.7286,0.6371,0.8169,48.08
0.3784,0.3005,0.2604,29.32
0.95,0.9358,0.95,58.23
0.7633,0.6412,0.7302,49.93
0.95,0.9416,0.95,60.0
0.563,0.3218,0.5281,26.95
0.8986,0.779,0.9041,52.36
0.291,0.3726,0.2947,25.2
0.422,0.366,0.4186,24.03
0.2821,0.2582,0.2859,24.24
0.4451,0.4084,0.3812,23.49
0.7773,0.6231,0.7342,44.8
0.1,0.2232,0.1905,19.1
0.3096,0.2465,0.2917,18.47
0.7433,0.5655,0.61,35.53
0.9149,0.6604,0.7532,48.61
0.9364,0.7982,0.8766,57.45
0.6915,0.608,0.652,34.4
0.7869,0.6855,0.6352,35.1
0.6419,0.5647,0.6077,40.25
0.1,0.1,0.1,9.71
0.5154,0.4525,0.5011,33.13
0.95,0.7355,0.8194,43.81
0.6748,0.6036,0.6192,42.47
0.5099,0.433,0.4473,29.32
0.1131,0.1,0.1,13.76
0.3712,0.2402,0.2336,18.94
0.3948,0.3197,0.3337,22.95
0.5411,0.4559,0.5599,24.95
0.5011,0.5152,0.4289,28.77
0.9169,0.7807,0.8698,49.27
0.5978,0.4545,0.5195,33.07
0.4198,0.3088,0.3184,21.46
0.95,0.8442,0.95,53.83
0.2535,0.2349,0.2511,20.36
0.4997,0.3997,0.4856,35.72
0.4801,0.391,0.4355,30.44
0.2889,0.1901,0.1205,13.36
0.95,0.5931,0.9059,54.27
0.2368,0.2255,0.1942,19.64
0.6091,0.5069,0.5508,38.8
0.6131,0.6308,0.533,38.02
0.2916,0.2413,0.1876,17.38
0.4581,0.3768,0.4872,25.21
0.5513,0.4267,0.6182,39.97
0.4218,0.2627,0.3504,22.88
0.4918,0.4316,0.3731,26.34
0.6116,0.5483,0.5873,38.84
0.1557,0.1,0.1,13.1
0.6524,0.7051,0.5345,45.51
0.95,0.7378,0.7681,49.04
0.8676,0.7684,0.7402,41.55
0.5185,0.3808,0.3514,34.03
0.551,0.4948,0.5399,37.61
0.6987,0.6084,0.697,37.08
0.797,0.5907,0.6704,37.41
0.4737,0.4132,0.4177,26.2
0.7872,0.6537,0.7969,39.17
0.8645,0.6876,0.7882,41.22
0.3367,0.3403,0.3286,22.5
0.5801,0.6162,0.4714,39.37
0.8777,0.7225,0.7689,49.93
0.1,0.1,0.1,14.56
0.95,0.7961,0.918,58.89
0.6771,0.6469,0.6699,34.93
0.1961,0.1989,0.1956,17.5
0.5592,0.524,0.5313,38.24
0.542,0.6156,0.4807,38.55
0.3164,0.2628,0.3212,19.32
0.95,0.7268,0.8542,56.24
0.1,0.1,0.1,6.11
0.95,0.66,0.8044,48.68
0.8527,0.739,0.8524,47.46
0.933,0.7526,0.7639,51.12
0.9141,0.7399,0.9399,54.81
0.95,0.6968,0.8646,49.54
0.6908,0.6141,0.6601,42.25
0.3985,0.4839,0.4346,32.51
0.5088,0.3509,0.4346,29.96
0.2562,0.295,0.2373,20.02
0.5299,0.4955,0.4722,29.6
0.7161,0.5809,0.6768,43.37
0.95,0.7076,0.7617,49.36
0.4552,0.3481,0.4247,32.69
0.5327,0.439,0.4861,28.93
0.5249,0.5035,0.4991,36.25
0.8777,0.624,0.7086,46.52
0.7191,0.6155,0.6847,41.06
0.4615,0.3605,0.4653,30.55
0.175,0.1956,0.1,11.86
0.6197,0.542,0.5528,28.63
0.7169,0.5717,0.7485,37.6
0.7612,0.6442,0.7298,43.1
0.3762,0.3188,0.3726,28.67
0.827,0.5826,0.707,45.17
0.7828,0.5136,0.6028,39.77
0.6217,0.5128,0.5455,38.93
0.3439,0.2494,0.3594,27.02
0.8338,0.5488,0.7733,38.28
0.4016,0.3152,0.4025,27.36
0.608,0.5799,0.5416,40.65
0.7276,0.5751,0.7127,41.99
0.9187,0.765,0.6712,51.07
0.4219,0.3719,0.401,24.68
0.5926,0.5536,0.5469,33.59
0.2759,0.2469,0.2655,22.04
0.7828,0.7266,0.6186,47.56
0.51,0.4172,0.4968,37.0
0.4459,0.3799,0.4157,27.99
0.5001,0.4171,0.4928,35.27
0.5009,0.3527,0.4465,24.43
0.7224,0.5824,0.6808,43.95
0.2511,0.2299,0.2565,17.74
0.6612,0.6384,0.5341,34.98
0.262,0.1799,0.2442,23.3
0.7127,0.4947,0.5493,39.28
0.8169,0.7242,0.8084,44.37
0.4521,0.3628,0.3496,24.03
0.95,0.6776,0.748,49.47
0.4135,0.3476,0.3799,24.43
0.4358,0.5907,0.3739,34.76
0.9493,0.8297,0.8419,53.97
0.7022,0.6098,0.6481,37.79
0.3131,0.2976,0.2786,22.16
0.4556,0.4516,0.436,27.2
0.577,0.3824,0.5069,26.88
0.7758,0.6243,0.717,44.22
0.4778,0.4184,0.4424,31.2
0.1,0.1,0.1,10.05
0.8127,0.6347,0.8085,46.53
0.4321,0.3663,0.4189,31.51
0.7355,0.6118,0.6911,42.88
0.7117,0.6399,0.7156,34.4
0.4578,0.3082,0.4098,23.32
0.6641,0.6134,0.605,41.42
0.472,0.4341,0.3967,27.13
0.9052,0.7908,0.8879,47.87
0.6422,0.5541,0.6516,40.12
0.762,0.5851,0.6879,43.46
0.1791,0.274,0.1834,20.97
0.1179,0.1,0.1113,14.11
0.5706,0.5101,0.5526,38.87
0.95,0.909,0.7343,58.55
0.3511,0.3169,0.4123,27.78
0.8317,0.6331,0.7772,51.8
0.8447,0.766,0.7794,48.87
0.2269,0.2346,0.2209,16.95
0.6113,0.4901,0.5837,30.44
0.2915,0.2556,0.2022,14.6
0.2468,0.1737,0.2278,22.48
0.8131,0.7248,0.743,43.39
0.2669,0.2247,0.2517,18.86
0.5289,0.4065,0.466,28.93
0.8489,0.7544,0.8411,51.88
0.6319,0.5284,0.5756,34.41
0.8175,0.6815,0.7779,42.65
0.4067,0.393,0.4127,25.56
0.2204,0.1889,0.2236,16.02
0.59,0.5678,0.4741,37.4
0.1,0.1277,0.108,14.2
0.95,0.8541,0.95,58.8
0.4679,0.431,0.4813,28.26
0.503,0.4064,0.44,25.21
0.6271,0.4993,0.6145,37.71
0.6337,0.4817,0.527,32.04
0.4947,0.4496,0.4926,29.25
0.95,0.95,0.95,54.46
0.949,0.6588,0.7825,49.72
0.6021,0.5446,0.5615,32.67
0.8027,0.7382,0.7441,49.16
0.7452,0.6363,0.7476,47.07
0.5092,0.4148,0.4825,32.09
0.4798,0.4132,0.4656,34.33
0.3471,0.2873,0.3117,20.59
0.6703,0.57,0.5524,29.01
0.3564,0.2466,0.2336,19.58
0.2808,0.2075,0.2623,18.08
0.6686,0.5548,0.5924,38.0
0.5514,0.4931,0.4682,30.37
0.9335,0.8182,0.9011,46.73
0.7633,0.6187,0.7474,45.48
0.8052,0.6921,0.7569,45.67
0.4654,0.4254,0.3864,28.14
0.3879,0.3464,0.3751,28.47
0.4454,0.465,0.4573,33.59
0.4187,0.3341,0.3943,24.46
0.95,0.95,0.95,57.68
0.3498,0.3288,0.3583,23.86
0.151,0.223,0.1985,21.58
0.7728,0.7165,0.5881,44.39
0.5956,0.4561,0.539,38.46
0.4089,0.3301,0.411,22.73
0.2549,0.2759,0.25,23.83
0.8167,0.7165,0.8099,44.32
0.716,0.6185,0.563,42.05
0.249,0.1414,0.1054,12.91
0.95,0.8193,0.8584,53.98
0.5588,0.5538,0.4323,38.41
0.7709,0.6784,0.7551,46.78
0.95,0.7966,0.7835,57.79
0.3576,0.1793,0.3276,17.84
0.5525,0.4669,0.5722,32.01
0.5784,0.4962,0.5331,35.86
0.3548,0.2375,0.4641,29.76
0.8213,0.6683,0.65,39.96
0.7027,0.5392,0.7571,45.13
0.1444,0.1584,0.1567,14.12
0.3404,0.3808,0.414,28.53
0.2866,0.2296,0.2454,17.93
0.6993,0.604,0.6798,41.03
0.9076,0.6767,0.9281,56.1
0.95,0.915,0.95,60.0
0.8226,0.5625,0.7241,35.94
0.7189,0.6318,0.7878,44.45
0.4796,0.3391,0.4301,32.89
0.1749,0.2929,0.2325,23.12
0.3246,0.3091,0.3272,21.01
0.8461,0.7516,0.8327,48.63
0.8055,0.6679,0.7504,42.27
0.3951,0.3423,0.4008,28.86
0.9032,0.7958,0.8638,52.63
0.95,0.7418,0.8854,55.12
0.8478,0.6412,0.7237,48.08
0.5561,0.3914,0.4434,35.94
0.95,0.7623,0.8567,49.75
0.5977,0.5,0.4382,30.99
0.8957,0.717,0.8994,46.21
0.57,0.4412,0.5477,36.52
0.4469,0.3823,0.4422,31.62
0.9307,0.7945,0.8813,51.23
0.3508,0.2994,0.3474,23.02
0.8703,0.732,0.8613,41.48
0.1938,0.1501,0.2033,15.72
0.4752,0.4009,0.4372,26.03
0.816,0.7202,0.7928,47.43
0.1,0.1,0.1,9.46
0.2377,0.181,0.2305,15.92
0.3497,0.3119,0.3539,21.81
0.4619,0.4008,0.3649,23.57
0.8189,0.6924,0.7974,48.31
0.7503,0.5999,0.6356,41.33
0.2884,0.2656,0.2667,19.64
0.7186,0.5762,0.6079,33.41
0.1855,0.1323,0.1614,14.38
0.3885,0.234,0.2955,18.8
0.5071,0.4216,0.4665,33.88
0.2599,0.2649,0.2434,24.91
0.7976,0.6294,0.7645,49.38
0.831,0.7524,0.7727,45.88
0.95,0.7934,0.95,56.56
0.8474,0.6559,0.7801,36.55
0.8859,0.7395,0.8704,55.54
0.4785,0.3926,0.3023,23.94
0.5814,0.5729,0.4927,33.21
0.95,0.95,0.95,60.0
0.5832,0.5165,0.567,31.78
0.5535,0.4711,0.4953,36.33
0.8641,0.7184,0.7807,43.45
0.3561,0.331,0.3638,27.72
0.5087,0.3986,0.3919,27.13
0.95,0.8194,0.8961,56.96
0.861,0.7292,0.8181,45.07
0.3683,0.2324,0.3441,27.39
0.4983,0.5686,0.4356,36.75
0.8785,0.7805,0.8137,43.23
0.1,0.1,0.1,7.83
0.7685,0.6363,0.7363,39.34
0.6053,0.5578,0.4637,38.71
0.7794,0.7506,0.7046,48.37
0.6609,0.6032,0.5673,37.23
0.7063,0.6138,0.661,42.32
0.5467,0.4751,0.5007,28.83
0.4013,0.3603,0.3703,28.81
0.912,0.6754,0.8538,38.98
0.4999,0.4948,0.3719,27.32
0.3021,0.3787,0.3376,27.29
0.3985,0.3555,0.3735,24.83
0.8865,0.7499,0.8282,45.7
0.8012,0.5611,0.7252,36.1
0.2649,0.258,0.2762,18.41
0.8412,0.7301,0.8058,46.38
0.8873,0.8528,0.8191,53.94
0.2381,0.1601,0.2272,14.78
0.6201,0.6001,0.6401,34.7
0.95,0.7837,0.8098,51.5
0.3879,0.2905,0.3486,22.46
0.95,0.7404,0.8626,57.62
0.5028,0.4263,0.4557,32.79
0.4219,0.2997,0.2629,30.87
0.792,0.7109,0.7222,38.2
0.5313,0.3791,0.5144,28.27
0.7556,0.6441,0.7273,42.16
0.5733,0.4362,0.5545,33.62
0.1274,0.142,0.1674,13.7
0.7516,0.6643,0.786,47.09
0.6321,0.6188,0.6292,36.54
0.8734,0.7428,0.8828,53.75
0.5696,0.5075,0.535,37.74
0.3173,0.2555,0.3025,25.71
0.6288,0.5677,0.6465,35.02
0.6437,0.5517,0.6095,40.81
0.95,0.95,0.9387,58.95
0.3375,0.2332,0.3391,25.21
0.2412,0.2033,0.2481,18.39
0.95,0.7877,0.7954,57.94
0.7063,0.5924,0.6835,42.25
0.6125,0.4945,0.5945,34.18
0.452,0.3435,0.4433,27.35
0.5759,0.5104,0.5307,36.85
0.9286,0.7494,0.8944,55.79
0.1,0.1,0.1,8.47
0.9344,0.821,0.8969,57.04
0.4257,0.2733,0.359,22.52
0.2021,0.17,0.2542,14.67
0.1534,0.3891,0.2198,21.81
0.3226,0.3137,0.2984,21.97
0.6041,0.509,0.593,40.34
0.7464,0.6339,0.7136,36.53
0.8397,0.6682,0.7946,46.61
0.5481,0.5432,0.483,38.19
0.7768,0.6544,0.8314,42.37
0.5365,0.5149,0.379,28.99
0.9082,0.7601,0.95,54.15
0.9197,0.8043,0.9101,54.53
0.7489,0.6907,0.7318,47.5
0.8966,0.7685,0.7265,44.39
0.4043,0.3624,0.4055,29.5
0.95,0.8895,0.937,58.26
0.6122,0.5638,0.5088,40.59
0.4743,0.3588,0.4915,32.37
0.4484,0.5248,0.3279,35.28
0.5682,0.4677,0.5338,36.12
0.1,0.2371,0.1,19.34
0.6248,0.5299,0.6141,34.04
0.95,0.8009,0.95,56.35
0.7813,0.6507,0.7786,47.62
0.6247,0.5451,0.5675,35.34
0.4811,0.4031,0.4754,25.32
0.9049,0.7937,0.7841,49.79
0.3991,0.3232,0.2867,22.59
0.3795,0.3395,0.3573,23.39
0.4898,0.377,0.4952,31.84
0.7203,0.6456,0.7632,46.41
0.7327,0.5685,0.5507,36.7
0.1,0.1,0.1,5.0
0.5754,0.5155,0.5575,35.21
0.217,0.2467,0.2035,17.82
0.4783,0.3043,0.3864,20.14
0.6706,0.5671,0.6992,35.18
0.7613,0.7432,0.7094,42.51
0.6627,0.4984,0.6702,40.27
0.8131,0.6576,0.6769,40.53
0.8208,0.6779,0.7661,40.09
0.4841,0.4016,0.4395,26.41
0.7181,0.6532,0.639,44.68
0.95,0.9223,0.8759,58.63
0.3436,0.2773,0.2373,19.25
0.3273,0.3307,0.2987,22.56
0.5804,0.4992,0.5594,35.5
0.5155,0.4177,0.5194,29.3
0.6433,0.4715,0.5117,31.63
0.5776,0.4908,0.402,27.62
0.4841,0.3976,0.4103,27.95
0.495,0.4159,0.3725,25.31
0.95,0.8553,0.95,59.23
0.6155,0.5295,0.6046,38.94
0.5408,0.4917,0.5809,29.87
0.6876,0.5341,0.7311,44.87
0.5703,0.4537,0.5655,35.48
0.6942,0.556,0.4808,41.89
0.8886,0.7316,0.8289,50.44
0.4462,0.314,0.4455,23.88
0.1849,0.1991,0.1973,16.29
0.2473,0.1624,0.2152,15.49
0.4701,0.3785,0.4749,26.9
0.95,0.95,0.9231,60.0
0.5399,0.4745,0.5503,30.71
0.3859,0.3448,0.3581,28.48
0.9095,0.5901,0.7667,46.3
0.412,0.426,0.4397,30.85
0.8212,0.4534,0.7351,35.46
0.6444,0.4738,0.5598,40.34
0.95,0.9459,0.9114,60.0
0.95,0.8128,0.9354,49.14
0.1496,0.1508,0.1231,13.7
0.4381,0.3705,0.4221,30.14
0.95,0.9383,0.95,59.14
0.3926,0.4298,0.3492,26.52
0.5951,0.4904,0.4918,32.02
0.2008,0.3427,0.2436,22.29
0.8503,0.6984,0.7677,43.14
0.6407,0.6634,0.5587,42.37
0.4607,0.4106,0.4215,33.97
0.6035,0.4839,0.5117,27.48
0.5102,0.411,0.5446,29.58
0.2315,0.2163,0.1006,13.87
0.3884,0.3204,0.3736,28.18
0.6442,0.4361,0.5766,29.84
0.6387,0.5527,0.5391,44.54
0.4743,0.3366,0.4646,26.04
0.3918,0.3611,0.357,24.92
0.3811,0.3542,0.3735,29.22
0.8521,0.5821,0.7089,43.14
0.5939,0.4853,0.5365,38.64
0.2538,0.217,0.1728,15.54
0.6831,0.452,0.6153,39.61
0.95,0.569,0.8339,47.59
0.5627,0.4345,0.4895,30.22
0.7681,0.7784,0.6719,47.78
0.2645,0.1911,0.2591,17.78
0.8417,0.7454,0.7377,46.92
0.9314,0.8294,0.8959,52.71
0.7463,0.6227,0.6943,45.88
0.7219,0.6452,0.6714,39.43
0.2586,0.2508,0.2089,24.24
0.12,0.1623,0.1448,14.31
0.161,0.1922,0.1301,15.19
0.6279,0.4807,0.6823,41.68
0.7173,0.5426,0.5364,43.95
0.3553,0.4821,0.357,31.81
0.9436,0.7199,0.8924,54.13
0.4409,0.5523,0.3662,33.16
0.318,0.3198,0.2372,26.52
0.2692,0.267,0.1875,17.97
0.4291,0.3984,0.4003,30.37
0.4698,0.3915,0.4578,31.98
0.1,0.1,0.1,10.91
0.1913,0.3932,0.1897,23.63
